Workbook

Sheet group_data_final
A1: division_name | B1: district_name | C1: depot_code | D1: length_to2 | E1: veh_total | F1: veh_truck | G1: avg_iri | H1: length_ac | I1: lanemin_ac | J1: lanemax_ac | K1: laneavg_ac | L1: pavewidthavg_ac | M1: shoulderwidthavg_ac | N1: length_cc | O1: lanemin_cc | P1: lanemax_cc | Q1: laneavg_cc | R1: pavewidthavg_cc | S1: shoulderwidthavg_cc | T1: bicyclelane_sqm | U1: rest_area_sqm | V1: sidewalk_sqm | W1: retainingwall_sqm | X1: roadmarking_sqm | Y1: road_medians_m | Z1: elevation_mean | AA1: elevation_var | AB1: slope_mean | AC1: slope_var | AD1: ค่าบำรุงตามระยะทางต่อ 2 ช่องจราจร | AE1: ค่าบำรุงทรัพย์สิน | AF1: จำนวนจุดกางเต็นท์ | AG1: ค่าบำรุงจุดกางเต็นท์ | AH1: จำนวนจุดพักรถ | AI1: ค่าบำรุงจุดพักรถ | AJ1: จำนวนภูมิสถาปัตย์ | AK1: ค่าบำรุงภูมิสถาปัตย์ | AL1: พื้นที่ฝนชุก | AM1: sum_งบแผน68 | AN1: bridge_m
A2: สำนักงานทางหลวงที่ 18 (สงขลา) | B2: ขท.สงขลาที่ 1 | C2: 311 | D2: {=_xlfn.LET(_xlpm.result,INDEX(ระยะทาง!C:C, MATCH(TRIM(C2), TRIM(ระยะทาง!$A:$A), 0)),IF(ISNUMBER(SEARCH("-", _xlpm.result)), 0, _xlpm.result))} -> 718.5 | E2: {=_xlfn.LET(_xlpm.result,INDEX(ระยะทาง!D:D, MATCH(TRIM($C2), TRIM(ระยะทาง!$A:$A), 0)),IF(ISNUMBER(SEARCH("-", _xlpm.result)), 0, _xlpm.result))} -> 1383993728 | F2: 174531184 | G2: 2.6982222 | H2: 249.258 | I2: 1 | J2: 8 | K2: 4.4444444 | L2: 3.714 | M2: 5 | N2: 27.281 | O2: 2 | P2: 10 | Q2: 5.1428571 | R2: 3.4928571 | S2: 5.0372 | T2: 0 | U2: 0 | V2: 31795.915 | W2: 14974 | X2: 46223.154 | Y2: 32681 | Z2: 18.305699 | AA2: 60.633393 | AB2: -0.035941715 | AC2: 14.665243 | AD2: =D2*'ราคาต้นทุน (Asset)'!$E$1 -> 43110000 | AE2: {=_xlfn.LET(_xlpm.result,INDEX(ASSET!U:U, MATCH(TRIM($C2), TRIM(ASSET!$A:$A), 0)),IF(ISNUMBER(SEARCH("-", _xlpm.result)), 0, _xlpm.result))} -> 4993000 | AF2: =group_data_final[[#This Row],[ค่าบำรุงจุดกางเต็นท์]]/300000 -> 0 | AG2: {=_xlfn.LET(_xlpm.result,INDEX(ราคาค่าบำรุง!D:D, MATCH(TRIM($C2), TRIM(ราคาค่าบำรุง!$A:$A), 0)),IF(ISNUMBER(SEARCH("-", _xlpm.result)), 0, _xlpm.result))} -> 0 | AH2: =group_data_final[[#This Row],[ค่าบำรุงจุดพักรถ]]/300000 -> 0 | AI2: {=_xlfn.LET(_xlpm.result,INDEX(ราคาค่าบำรุง!F:F, MATCH(TRIM($C2), TRIM(ราคาค่าบำรุง!$A:$A), 0)),IF(ISNUMBER(SEARCH("-", _xlpm.result)), 0, _xlpm.result))} -> 0 | AJ2: =group_data_final[[#This Row],[ค่าบำรุงภูมิสถาปัตย์]]/300000 -> 0 | AK2: {=_xlfn.LET(_xlpm.result,INDEX(ราคาค่าบำรุง!H:H, MATCH(TRIM($C2), TRIM(ราคาค่าบำรุง!$A:$A), 0)),IF(ISNUMBER(SEARCH("-", _xlpm.result)), 0, _xlpm.result))} -> 0 | AL2: =IF(OR(COUNTIF(B2,"*กระบี่*"),COUNTIF(B2,"*จันทบุรี*"),COUNTIF(B2,"*ชุมพร*"),COUNTIF(B2,"*เชียงราย*"),COUNTIF(B2,"*ตรัง*"),COUNTIF(B2,"*นครนายก*"),COUNTIF(B2,"*ปราจีนบุรี*"),COUNTIF(B2,"*พัทลุง*"),COUNTIF(B2,"*ภูเก็ต*"),COUNTIF(B2,"*ยะลา*"),COUNTIF(B2,"*สกลนคร*"),COUNTIF(B2,"*สตูล*"),COUNTIF(B2,"*หนองคาย*"),COUNTIF(B2,"*สุราษฎร์ธานี*"),COUNTIF(B2,"*ปัตตานี*")),2, IF(OR(COUNTIF(B2,"*ตราด*"),COUNTIF(B2,"*นครพนม*"),COUNTIF(B2,"*นครศรีธรรมราช*"),COUNTIF(B2,"*นราธิวาส*"),COUNTIF(B2,"*บึงกาฬ*"),COUNTIF(B2,"*พังงา*"),COUNTIF(B2,"*ระนอง*"),COUNTIF(B2,"*สงขลา*")),4,0)) -> 4 | AM2: =_xlfn.XLOOKUP(group_data_final[[#This Row],[depot_code]],C:C,แผน68!D:D) -> 20573476 | AN2: 17246.602
A3: สำนักงานทางหลวงที่ 18 (สงขลา) | B3: ขท.ยะลา | C3: 312 | D3: {=_xlfn.LET(_xlpm.result,INDEX(ระยะทาง!C:C, MATCH(TRIM(C3), TRIM(ระยะทาง!$A:$A), 0)),IF(ISNUMBER(SEARCH("-", _xlpm.result)), 0, _xlpm.result))} -> 557.192 | E3: {=_xlfn.LET(_xlpm.result,INDEX(ระยะทาง!D:D, MATCH(TRIM($C3), TRIM(ระยะทาง!$A:$A), 0)),IF(ISNUMBER(SEARCH("-", _xlpm.result)), 0, _xlpm.result))} -> 1880891403 | F3: 125911304 | G3: 2.6982222 | H3: 557.192 | I3: 1 | J3: 8 | K3: 4.4444444 | L3: 3.714 | M3: 5 | N3: 0 | O3: 2 | P3: 10 | Q3: 5.1428571 | R3: 3.4928571 | S3: 5.0372 | T3: 0 | U3: 0 | V3: 31795.915 | W3: 14974 | X3: 46223.154 | Y3: 32681 | Z3: 18.305699 | AA3: 60.633393 | AB3: -0.035941715 | AC3: 14.665243 | AD3: =D3*'ราคาต้นทุน (Asset)'!$E$1 -> 33431520 | AE3: {=_xlfn.LET(_xlpm.result,INDEX(ASSET!U:U, MATCH(TRIM($C3), TRIM(ASSET!$A:$A), 0)),IF(ISNUMBER(SEARCH("-", _xlpm.result)), 0, _xlpm.result))} -> 2795800 | AF3: =group_data_final[[#This Row],[ค่าบำรุงจุดกางเต็นท์]]/300000 -> 0 | AG3: {=_xlfn.LET(_xlpm.result,INDEX(ราคาค่าบำรุง!D:D, MATCH(TRIM($C3), TRIM(ราคาค่าบำรุง!$A:$A), 0)),IF(ISNUMBER(SEARCH("-", _xlpm.result)), 0, _xlpm.result))} -> 0 | AH3: =group_data_final[[#This Row],[ค่าบำรุงจุดพักรถ]]/300000 -> 1 | AI3: {=_xlfn.LET(_xlpm.result,INDEX(ราคาค่าบำรุง!F:F, MATCH(TRIM($C3), TRIM(ราคาค่าบำรุง!$A:$A), 0)),IF(ISNUMBER(SEARCH("-", _xlpm.result)), 0, _xlpm.result))} -> 300000 | AJ3: =group_data_final[[#This Row],[ค่าบำรุงภูมิสถาปัตย์]]/300000 -> 3 | AK3: {=_xlfn.LET(_xlpm.result,INDEX(ราคาค่าบำรุง!H:H, MATCH(TRIM($C3), TRIM(ราคาค่าบำรุง!$A:$A), 0)),IF(ISNUMBER(SEARCH("-", _xlpm.result)), 0, _xlpm.result))} -> 900000 | AL3: =IF(OR(COUNTIF(B3,"*กระบี่*"),COUNTIF(B3,"*จันทบุรี*"),COUNTIF(B3,"*ชุมพร*"),COUNTIF(B3,"*เชียงราย*"),COUNTIF(B3,"*ตรัง*"),COUNTIF(B3,"*นครนายก*"),COUNTIF(B3,"*ปราจีนบุรี*"),COUNTIF(B3,"*พัทลุง*"),COUNTIF(B3,"*ภูเก็ต*"),COUNTIF(B3,"*ยะลา*"),COUNTIF(B3,"*สกลนคร*"),COUNTIF(B3,"*สตูล*"),COUNTIF(B3,"*หนองคาย*"),COUNTIF(B3,"*สุราษฎร์ธานี*"),COUNTIF(B3,"*ปัตตานี*")),2, IF(OR(COUNTIF(B3,"*ตราด*"),COUNTIF(B3,"*นครพนม*"),COUNTIF(B3,"*นครศรีธรรมราช*"),COUNTIF(B3,"*นราธิวาส*"),COUNTIF(B3,"*บึงกาฬ*"),COUNTIF(B3,"*พังงา*"),COUNTIF(B3,"*ระนอง*"),COUNTIF(B3,"*สงขลา*")),4,0)) -> 2 | AM3: =_xlfn.XLOOKUP(group_data_final[[#This Row],[depot_code]],C:C,แผน68!D:D) -> 24198050 | AN3: 7504
A4: สำนักงานทางหลวงที่ 18 (สงขลา) | B4: ขท.ปัตตานี | C4: 313 | D4: {=_xlfn.LET(_xlpm.result,INDEX(ระยะทาง!C:C, MATCH(TRIM(C4), TRIM(ระยะทาง!$A:$A), 0)),IF(ISNUMBER(SEARCH("-", _xlpm.result)), 0, _xlpm.result))} -> 536.765 | E4: {=_xlfn.LET(_xlpm.result,INDEX(ระยะทาง!D:D, MATCH(TRIM($C4), TRIM(ระยะทาง!$A:$A), 0)),IF(ISNUMBER(SEARCH("-", _xlpm.result)), 0, _xlpm.result))} -> 1049852638 | F4: 132556047 | G4: 2.4987778 | H4: 536.765 | I4: 1 | J4: 8 | K4: 4.4444444 | L4: 3.714 | M4: 5 | N4: 0 | O4: 2 | P4: 10 | Q4: 5.1428571 | R4: 3.4928571 | S4: 5.0372 | T4: 0 | U4: 0 | V4: 31795.915 | W4: 14974 | X4: 46223.154 | Y4: 32681 | Z4: 18.305699 | AA4: 60.633393 | AB4: -0.035941715 | AC4: 14.665243 | AD4: =D4*'ราคาต้นทุน (Asset)'!$E$1 -> 32205900 | AE4: {=_xlfn.LET(_xlpm.result,INDEX(ASSET!U:U, MATCH(TRIM($C4), TRIM(ASSET!$A:$A), 0)),IF(ISNUMBER(SEARCH("-", _xlpm.result)), 0, _xlpm.result))} -> 2525100 | AF4: =group_data_final[[#This Row],[ค่าบำรุงจุดกางเต็นท์]]/300000 -> 2 | AG4: {=_xlfn.LET(_xlpm.result,INDEX(ราคาค่าบำรุง!D:D, MATCH(TRIM($C4), TRIM(ราคาค่าบำรุง!$A:$A), 0)),IF(ISNUMBER(SEARCH("-", _xlpm.result)), 0, _xlpm.result))} -> 600000 | AH4: =group_data_final[[#This Row],[ค่าบำรุงจุดพักรถ]]/300000 -> 0 | AI4: {=_xlfn.LET(_xlpm.result,INDEX(ราคาค่าบำรุง!F:F, MATCH(TRIM($C4), TRIM(ราคาค่าบำรุง!$A:$A), 0)),IF(ISNUMBER(SEARCH("-", _xlpm.result)), 0, _xlpm.result))} -> 0 | AJ4: =group_data_final[[#This Row],[ค่าบำรุงภูมิสถาปัตย์]]/300000 -> 0 | AK4: {=_xlfn.LET(_xlpm.result,INDEX(ราคาค่าบำรุง!H:H, MATCH(TRIM($C4), TRIM(ราคาค่าบำรุง!$A:$A), 0)),IF(ISNUMBER(SEARCH("-", _xlpm.result)), 0, _xlpm.result))} -> 0 | AL4: =IF(OR(COUNTIF(B4,"*กระบี่*"),COUNTIF(B4,"*จันทบุรี*"),COUNTIF(B4,"*ชุมพร*"),COUNTIF(B4,"*เชียงราย*"),COUNTIF(B4,"*ตรัง*"),COUNTIF(B4,"*นครนายก*"),COUNTIF(B4,"*ปราจีนบุรี*"),COUNTIF(B4,"*พัทลุง*"),COUNTIF(B4,"*ภูเก็ต*"),COUNTIF(B4,"*ยะลา*"),COUNTIF(B4,"*สกลนคร*"),COUNTIF(B4,"*สตูล*"),COUNTIF(B4,"*หนองคาย*"),COUNTIF(B4,"*สุราษฎร์ธานี*"),COUNTIF(B4,"*ปัตตานี*")),2, IF(OR(COUNTIF(B4,"*ตราด*"),COUNTIF(B4,"*นครพนม*"),COUNTIF(B4,"*นครศรีธรรมราช*"),COUNTIF(B4,"*นราธิวาส*"),COUNTIF(B4,"*บึงกาฬ*"),COUNTIF(B4,"*พังงา*"),COUNTIF(B4,"*ระนอง*"),COUNTIF(B4,"*สงขลา*")),4,0)) -> 2 | AM4: =_xlfn.XLOOKUP(group_data_final[[#This Row],[depot_code]],C:C,แผน68!D:D) -> 56319717 | AN4: 13095.525
A5: สำนักงานทางหลวงที่ 16 (นครศรีธรรมราช) | B5: ขท.พัทลุง | C5: 314 | D5: {=_xlfn.LET(_xlpm.result,INDEX(ระยะทาง!C:C, MATCH(TRIM(C5), TRIM(ระยะทาง!$A:$A), 0)),IF(ISNUMBER(SEARCH("-", _xlpm.result)), 0, _xlpm.result))} -> 585.505 | E5: {=_xlfn.LET(_xlpm.result,INDEX(ระยะทาง!D:D, MATCH(TRIM($C5), TRIM(ระยะทาง!$A:$A), 0)),IF(ISNUMBER(SEARCH("-", _xlpm.result)), 0, _xlpm.result))} -> 2304304359 | F5: 299072110 | G5: 1.969 | H5: 249.411 | I5: 2 | J5: 8 | K5: 3.7142857 | L5: 3.5 | M5: 5 | N5: 3.9 | O5: 4 | P5: 4 | Q5: 4 | R5: 3.5 | S5: 4.9375 | T5: 0 | U5: 0 | V5: 142427.25 | W5: 0 | X5: 179726.19 | Y5: 80513.558 | Z5: 30.836892 | AA5: 195.57511 | AB5: -0.03590717 | AC5: 17.145255 | AD5: =D5*'ราคาต้นทุน (Asset)'!$E$1 -> 35130300 | AE5: {=_xlfn.LET(_xlpm.result,INDEX(ASSET!U:U, MATCH(TRIM($C5), TRIM(ASSET!$A:$A), 0)),IF(ISNUMBER(SEARCH("-", _xlpm.result)), 0, _xlpm.result))} -> 2923900 | AF5: =group_data_final[[#This Row],[ค่าบำรุงจุดกางเต็นท์]]/300000 -> 0 | AG5: {=_xlfn.LET(_xlpm.result,INDEX(ราคาค่าบำรุง!D:D, MATCH(TRIM($C5), TRIM(ราคาค่าบำรุง!$A:$A), 0)),IF(ISNUMBER(SEARCH("-", _xlpm.result)), 0, _xlpm.result))} -> 0 | AH5: =group_data_final[[#This Row],[ค่าบำรุงจุดพักรถ]]/300000 -> 3 | AI5: {=_xlfn.LET(_xlpm.result,INDEX(ราคาค่าบำรุง!F:F, MATCH(TRIM($C5), TRIM(ราคาค่าบำรุง!$A:$A), 0)),IF(ISNUMBER(SEARCH("-", _xlpm.result)), 0, _xlpm.result))} -> 900000 | AJ5: =group_data_final[[#This Row],[ค่าบำรุงภูมิสถาปัตย์]]/300000 -> 0 | AK5: {=_xlfn.LET(_xlpm.result,INDEX(ราคาค่าบำรุง!H:H, MATCH(TRIM($C5), TRIM(ราคาค่าบำรุง!$A:$A), 0)),IF(ISNUMBER(SEARCH("-", _xlpm.result)), 0, _xlpm.result))} -> 0 | AL5: =IF(OR(COUNTIF(B5,"*กระบี่*"),COUNTIF(B5,"*จันทบุรี*"),COUNTIF(B5,"*ชุมพร*"),COUNTIF(B5,"*เชียงราย*"),COUNTIF(B5,"*ตรัง*"),COUNTIF(B5,"*นครนายก*"),COUNTIF(B5,"*ปราจีนบุรี*"),COUNTIF(B5,"*พัทลุง*"),COUNTIF(B5,"*ภูเก็ต*"),COUNTIF(B5,"*ยะลา*"),COUNTIF(B5,"*สกลนคร*"),COUNTIF(B5,"*สตูล*"),COUNTIF(B5,"*หนองคาย*"),COUNTIF(B5,"*สุราษฎร์ธานี*"),COUNTIF(B5,"*ปัตตานี*")),2, IF(OR(COUNTIF(B5,"*ตราด*"),COUNTIF(B5,"*นครพนม*"),COUNTIF(B5,"*นครศรีธรรมราช*"),COUNTIF(B5,"*นราธิวาส*"),COUNTIF(B5,"*บึงกาฬ*"),COUNTIF(B5,"*พังงา*"),COUNTIF(B5,"*ระนอง*"),COUNTIF(B5,"*สงขลา*")),4,0)) -> 2 | AM5: =_xlfn.XLOOKUP(group_data_final[[#This Row],[depot_code]],C:C,แผน68!D:D) -> 16076823 | AN5: 7998.2
A6: สำนักงานทางหลวงที่ 18 (สงขลา) | B6: ขท.นราธิวาส | C6: 317 | D6: {=_xlfn.LET(_xlpm.result,INDEX(ระยะทาง!C:C, MATCH(TRIM(C6), TRIM(ระยะทาง!$A:$A), 0)),IF(ISNUMBER(SEARCH("-", _xlpm.result)), 0, _xlpm.result))} -> 863.317 | E6: {=_xlfn.LET(_xlpm.result,INDEX(ระยะทาง!D:D, MATCH(TRIM($C6), TRIM(ระยะทาง!$A:$A), 0)),IF(ISNUMBER(SEARCH("-", _xlpm.result)), 0, _xlpm.result))} -> 946556998 | F6: 299063703 | G6: 2.6982222 | H6: 863.317 | I6: 1 | J6: 8 | K6: 4.4444444 | L6: 3.714 | M6: 5 | N6: 0 | O6: 2 | P6: 10 | Q6: 5.1428571 | R6: 3.4928571 | S6: 5.0372 | T6: 0 | U6: 0 | V6: 31795.915 | W6: 14974 | X6: 46223.154 | Y6: 32681 | Z6: 18.305699 | AA6: 60.633393 | AB6: -0.035941715 | AC6: 14.665243 | AD6: =D6*'ราคาต้นทุน (Asset)'!$E$1 -> 51799020 | AE6: {=_xlfn.LET(_xlpm.result,INDEX(ASSET!U:U, MATCH(TRIM($C6), TRIM(ASSET!$A:$A), 0)),IF(ISNUMBER(SEARCH("-", _xlpm.result)), 0, _xlpm.result))} -> 3634700 | AF6: =group_data_final[[#This Row],[ค่าบำรุงจุดกางเต็นท์]]/300000 -> 0 | AG6: {=_xlfn.LET(_xlpm.result,INDEX(ราคาค่าบำรุง!D:D, MATCH(TRIM($C6), TRIM(ราคาค่าบำรุง!$A:$A), 0)),IF(ISNUMBER(SEARCH("-", _xlpm.result)), 0, _xlpm.result))} -> 0 | AH6: =group_data_final[[#This Row],[ค่าบำรุงจุดพักรถ]]/300000 -> 0 | AI6: {=_xlfn.LET(_xlpm.result,INDEX(ราคาค่าบำรุง!F:F, MATCH(TRIM($C6), TRIM(ราคาค่าบำรุง!$A:$A), 0)),IF(ISNUMBER(SEARCH("-", _xlpm.result)), 0, _xlpm.result))} -> 0 | AJ6: =group_data_final[[#This Row],[ค่าบำรุงภูมิสถาปัตย์]]/300000 -> 0 | AK6: {=_xlfn.LET(_xlpm.result,INDEX(ราคาค่าบำรุง!H:H, MATCH(TRIM($C6), TRIM(ราคาค่าบำรุง!$A:$A), 0)),IF(ISNUMBER(SEARCH("-", _xlpm.result)), 0, _xlpm.result))} -> 0 | AL6: =IF(OR(COUNTIF(B6,"*กระบี่*"),COUNTIF(B6,"*จันทบุรี*"),COUNTIF(B6,"*ชุมพร*"),COUNTIF(B6,"*เชียงราย*"),COUNTIF(B6,"*ตรัง*"),COUNTIF(B6,"*นครนายก*"),COUNTIF(B6,"*ปราจีนบุรี*"),COUNTIF(B6,"*พัทลุง*"),COUNTIF(B6,"*ภูเก็ต*"),COUNTIF(B6,"*ยะลา*"),COUNTIF(B6,"*สกลนคร*"),COUNTIF(B6,"*สตูล*"),COUNTIF(B6,"*หนองคาย*"),COUNTIF(B6,"*สุราษฎร์ธานี*"),COUNTIF(B6,"*ปัตตานี*")),2, IF(OR(COUNTIF(B6,"*ตราด*"),COUNTIF(B6,"*นครพนม*"),COUNTIF(B6,"*นครศรีธรรมราช*"),COUNTIF(B6,"*นราธิวาส*"),COUNTIF(B6,"*บึงกาฬ*"),COUNTIF(B6,"*พังงา*"),COUNTIF(B6,"*ระนอง*"),COUNTIF(B6,"*สงขลา*")),4,0)) -> 4 | AM6: =_xlfn.XLOOKUP(group_data_final[[#This Row],[depot_code]],C:C,แผน68!D:D) -> 38452908 | AN6: 14423.5
A7: สำนักงานทางหลวงที่ 18 (สงขลา) | B7: ขท.สตูล | C7: 318 | D7: {=_xlfn.LET(_xlpm.result,INDEX(ระยะทาง!C:C, MATCH(TRIM(C7), TRIM(ระยะทาง!$A:$A), 0)),IF(ISNUMBER(SEARCH("-", _xlpm.result)), 0, _xlpm.result))} -> 518.552 | E7: {=_xlfn.LET(_xlpm.result,INDEX(ระยะทาง!D:D, MATCH(TRIM($C7), TRIM(ระยะทาง!$A:$A), 0)),IF(ISNUMBER(SEARCH("-", _xlpm.result)), 0, _xlpm.result))} -> 950402637 | F7: 321027467 | G7: 2.4987778 | H7: 356.032 | I7: 2 | J7: 6 | K7: 3.1111111 | L7: 3.5 | M7: 5 | N7: 9.478 | O7: 4 | P7: 4 | Q7: 4 | R7: 3.4443333 | S7: 5.2 | T7: 0 | U7: 0 | V7: 105579.08 | W7: 686.9 | X7: 52829.42 | Y7: 71561 | Z7: 23.183759 | AA7: 179.18493 | AB7: -0.4617204 | AC7: 36.432521 | AD7: =D7*'ราคาต้นทุน (Asset)'!$E$1 -> 31113120 | AE7: {=_xlfn.LET(_xlpm.result,INDEX(ASSET!U:U, MATCH(TRIM($C7), TRIM(ASSET!$A:$A), 0)),IF(ISNUMBER(SEARCH("-", _xlpm.result)), 0, _xlpm.result))} -> 3423700 | AF7: =group_data_final[[#This Row],[ค่าบำรุงจุดกางเต็นท์]]/300000 -> 0 | AG7: {=_xlfn.LET(_xlpm.result,INDEX(ราคาค่าบำรุง!D:D, MATCH(TRIM($C7), TRIM(ราคาค่าบำรุง!$A:$A), 0)),IF(ISNUMBER(SEARCH("-", _xlpm.result)), 0, _xlpm.result))} -> 0 | AH7: =group_data_final[[#This Row],[ค่าบำรุงจุดพักรถ]]/300000 -> 0 | AI7: {=_xlfn.LET(_xlpm.result,INDEX(ราคาค่าบำรุง!F:F, MATCH(TRIM($C7), TRIM(ราคาค่าบำรุง!$A:$A), 0)),IF(ISNUMBER(SEARCH("-", _xlpm.result)), 0, _xlpm.result))} -> 0 | AJ7: =group_data_final[[#This Row],[ค่าบำรุงภูมิสถาปัตย์]]/300000 -> 0 | AK7: {=_xlfn.LET(_xlpm.result,INDEX(ราคาค่าบำรุง!H:H, MATCH(TRIM($C7), TRIM(ราคาค่าบำรุง!$A:$A), 0)),IF(ISNUMBER(SEARCH("-", _xlpm.result)), 0, _xlpm.result))} -> 0 | AL7: =IF(OR(COUNTIF(B7,"*กระบี่*"),COUNTIF(B7,"*จันทบุรี*"),COUNTIF(B7,"*ชุมพร*"),COUNTIF(B7,"*เชียงราย*"),COUNTIF(B7,"*ตรัง*"),COUNTIF(B7,"*นครนายก*"),COUNTIF(B7,"*ปราจีนบุรี*"),COUNTIF(B7,"*พัทลุง*"),COUNTIF(B7,"*ภูเก็ต*"),COUNTIF(B7,"*ยะลา*"),COUNTIF(B7,"*สกลนคร*"),COUNTIF(B7,"*สตูล*"),COUNTIF(B7,"*หนองคาย*"),COUNTIF(B7,"*สุราษฎร์ธานี*"),COUNTIF(B7,"*ปัตตานี*")),2, IF(OR(COUNTIF(B7,"*ตราด*"),COUNTIF(B7,"*นครพนม*"),COUNTIF(B7,"*นครศรีธรรมราช*"),COUNTIF(B7,"*นราธิวาส*"),COUNTIF(B7,"*บึงกาฬ*"),COUNTIF(B7,"*พังงา*"),COUNTIF(B7,"*ระนอง*"),COUNTIF(B7,"*สงขลา*")),4,0)) -> 2 | AM7: =_xlfn.XLOOKUP(group_data_final[[#This Row],[depot_code]],C:C,แผน68!D:D) -> 35219242 | AN7: 2927
A8: สำนักงานทางหลวงที่ 18 (สงขลา) | B8: ขท.สงขลาที่ 2 (นาหม่อม) | C8: 319 | D8: {=_xlfn.LET(_xlpm.result,INDEX(ระยะทาง!C:C, MATCH(TRIM(C8), TRIM(ระยะทาง!$A:$A), 0)),IF(ISNUMBER(SEARCH("-", _xlpm.result)), 0, _xlpm.result))} -> 512.757 | E8: {=_xlfn.LET(_xlpm.result,INDEX(ระยะทาง!D:D, MATCH(TRIM($C8), TRIM(ระยะทาง!$A:$A), 0)),IF(ISNUMBER(SEARCH("-", _xlpm.result)), 0, _xlpm.result))} -> 1249744605 | F8: 436037927 | G8: 2.4987778 | H8: 512.757 | I8: 1 | J8: 8 | K8: 4.4444444 | L8: 3.714 | M8: 5 | N8: 0 | O8: 2 | P8: 10 | Q8: 5.1428571 | R8: 3.4928571 | S8: 5.0372 | T8: 0 | U8: 0 | V8: 31795.915 | W8: 14974 | X8: 46223.154 | Y8: 32681 | Z8: 18.305699 | AA8: 60.633393 | AB8: -0.035941715 | AC8: 14.665243 | AD8: =D8*'ราคาต้นทุน (Asset)'!$E$1 -> 30765420 | AE8: {=_xlfn.LET(_xlpm.result,INDEX(ASSET!U:U, MATCH(TRIM($C8), TRIM(ASSET!$A:$A), 0)),IF(ISNUMBER(SEARCH("-", _xlpm.result)), 0, _xlpm.result))} -> 2094200 | AF8: =group_data_final[[#This Row],[ค่าบำรุงจุดกางเต็นท์]]/300000 -> 0 | AG8: {=_xlfn.LET(_xlpm.result,INDEX(ราคาค่าบำรุง!D:D, MATCH(TRIM($C8), TRIM(ราคาค่าบำรุง!$A:$A), 0)),IF(ISNUMBER(SEARCH("-", _xlpm.result)), 0, _xlpm.result))} -> 0 | AH8: =group_data_final[[#This Row],[ค่าบำรุงจุดพักรถ]]/300000 -> 1 | AI8: {=_xlfn.LET(_xlpm.result,INDEX(ราคาค่าบำรุง!F:F, MATCH(TRIM($C8), TRIM(ราคาค่าบำรุง!$A:$A), 0)),IF(ISNUMBER(SEARCH("-", _xlpm.result)), 0, _xlpm.result))} -> 300000 | AJ8: =group_data_final[[#This Row],[ค่าบำรุงภูมิสถาปัตย์]]/300000 -> 0 | AK8: {=_xlfn.LET(_xlpm.result,INDEX(ราคาค่าบำรุง!H:H, MATCH(TRIM($C8), TRIM(ราคาค่าบำรุง!$A:$A), 0)),IF(ISNUMBER(SEARCH("-", _xlpm.result)), 0, _xlpm.result))} -> 0 | AL8: =IF(OR(COUNTIF(B8,"*กระบี่*"),COUNTIF(B8,"*จันทบุรี*"),COUNTIF(B8,"*ชุมพร*"),COUNTIF(B8,"*เชียงราย*"),COUNTIF(B8,"*ตรัง*"),COUNTIF(B8,"*นครนายก*"),COUNTIF(B8,"*ปราจีนบุรี*"),COUNTIF(B8,"*พัทลุง*"),COUNTIF(B8,"*ภูเก็ต*"),COUNTIF(B8,"*ยะลา*"),COUNTIF(B8,"*สกลนคร*"),COUNTIF(B8,"*สตูล*"),COUNTIF(B8,"*หนองคาย*"),COUNTIF(B8,"*สุราษฎร์ธานี*"),COUNTIF(B8,"*ปัตตานี*")),2, IF(OR(COUNTIF(B8,"*ตราด*"),COUNTIF(B8,"*นครพนม*"),COUNTIF(B8,"*นครศรีธรรมราช*"),COUNTIF(B8,"*นราธิวาส*"),COUNTIF(B8,"*บึงกาฬ*"),COUNTIF(B8,"*พังงา*"),COUNTIF(B8,"*ระนอง*"),COUNTIF(B8,"*สงขลา*")),4,0)) -> 4 | AM8: =_xlfn.XLOOKUP(group_data_final[[#This Row],[depot_code]],C:C,แผน68!D:D) -> 15992686 | AN8: 5798.7
A9: สำนักงานทางหลวงที่ 16 (นครศรีธรรมราช) | B9: ขท.นครศรีธรรมราชที่ 1 | C9: 321 | D9: {=_xlfn.LET(_xlpm.result,INDEX(ระยะทาง!C:C, MATCH(TRIM(C9), TRIM(ระยะทาง!$A:$A), 0)),IF(ISNUMBER(SEARCH("-", _xlpm.result)), 0, _xlpm.result))} -> 824.601 | E9: {=_xlfn.LET(_xlpm.result,INDEX(ระยะทาง!D:D, MATCH(TRIM($C9), TRIM(ระยะทาง!$A:$A), 0)),IF(ISNUMBER(SEARCH("-", _xlpm.result)), 0, _xlpm.result))} -> 456253646 | F9: 395057101 | G9: 2.1472857 | H9: 522.041 | I9: 2 | J9: 6 | K9: 3.2857143 | L9: 3.5 | M9: 5 | N9: 11.62 | O9: 2 | P9: 6 | Q9: 3.8 | R9: 3.5 | S9: 5 | T9: 0 | U9: 0 | V9: 281391.29 | W9: 43702.56 | X9: 141960.01 | Y9: 196273.2 | Z9: 21.336416 | AA9: 211.89182 | AB9: 0.098783852 | AC9: 22.083402 | AD9: =D9*'ราคาต้นทุน (Asset)'!$E$1 -> 49476060 | AE9: {=_xlfn.LET(_xlpm.result,INDEX(ASSET!U:U, MATCH(TRIM($C9), TRIM(ASSET!$A:$A), 0)),IF(ISNUMBER(SEARCH("-", _xlpm.result)), 0, _xlpm.result))} -> 4386300 | AF9: =group_data_final[[#This Row],[ค่าบำรุงจุดกางเต็นท์]]/300000 -> 1 | AG9: {=_xlfn.LET(_xlpm.result,INDEX(ราคาค่าบำรุง!D:D, MATCH(TRIM($C9), TRIM(ราคาค่าบำรุง!$A:$A), 0)),IF(ISNUMBER(SEARCH("-", _xlpm.result)), 0, _xlpm.result))} -> 300000 | AH9: =group_data_final[[#This Row],[ค่าบำรุงจุดพักรถ]]/300000 -> 3 | AI9: {=_xlfn.LET(_xlpm.result,INDEX(ราคาค่าบำรุง!F:F, MATCH(TRIM($C9), TRIM(ราคาค่าบำรุง!$A:$A), 0)),IF(ISNUMBER(SEARCH("-", _xlpm.result)), 0, _xlpm.result))} -> 900000 | AJ9: =group_data_final[[#This Row],[ค่าบำรุงภูมิสถาปัตย์]]/300000 -> 0 | AK9: {=_xlfn.LET(_xlpm.result,INDEX(ราคาค่าบำรุง!H:H, MATCH(TRIM($C9), TRIM(ราคาค่าบำรุง!$A:$A), 0)),IF(ISNUMBER(SEARCH("-", _xlpm.result)), 0, _xlpm.result))} -> 0 | AL9: =IF(OR(COUNTIF(B9,"*กระบี่*"),COUNTIF(B9,"*จันทบุรี*"),COUNTIF(B9,"*ชุมพร*"),COUNTIF(B9,"*เชียงราย*"),COUNTIF(B9,"*ตรัง*"),COUNTIF(B9,"*นครนายก*"),COUNTIF(B9,"*ปราจีนบุรี*"),COUNTIF(B9,"*พัทลุง*"),COUNTIF(B9,"*ภูเก็ต*"),COUNTIF(B9,"*ยะลา*"),COUNTIF(B9,"*สกลนคร*"),COUNTIF(B9,"*สตูล*"),COUNTIF(B9,"*หนองคาย*"),COUNTIF(B9,"*สุราษฎร์ธานี*"),COUNTIF(B9,"*ปัตตานี*")),2, IF(OR(COUNTIF(B9,"*ตราด*"),COUNTIF(B9,"*นครพนม*"),COUNTIF(B9,"*นครศรีธรรมราช*"),COUNTIF(B9,"*นราธิวาส*"),COUNTIF(B9,"*บึงกาฬ*"),COUNTIF(B9,"*พังงา*"),COUNTIF(B9,"*ระนอง*"),COUNTIF(B9,"*สงขลา*")),4,0)) -> 4 | AM9: =_xlfn.XLOOKUP(group_data_final[[#This Row],[depot_code]],C:C,แผน68!D:D) -> 20146537 | AN9: 16169.3
A10: สำนักงานทางหลวงที่ 17 (กระบี่) | B10: ขท.ตรัง | C10: 322 | D10: {=_xlfn.LET(_xlpm.result,INDEX(ระยะทาง!C:C, MATCH(TRIM(C10), TRIM(ระยะทาง!$A:$A), 0)),IF(ISNUMBER(SEARCH("-", _xlpm.result)), 0, _xlpm.result))} -> 781.685 | E10: {=_xlfn.LET(_xlpm.result,INDEX(ระยะทาง!D:D, MATCH(TRIM($C10), TRIM(ระยะทาง!$A:$A), 0)),IF(ISNUMBER(SEARCH("-", _xlpm.result)), 0, _xlpm.result))} -> 852306494 | F10: 292790676 | G10: 2.258875 | H10: 422.069 | I10: 2 | J10: 6 | K10: 3.25 | L10: 3.5 | M10: 5 | N10: 56.118 | O10: 4 | P10: 6 | Q10: 4.3636364 | R10: 3.5 | S10: 4.7272727 | T10: 157.4676 | U10: 0 | V10: 330600.03 | W10: 37525.04 | X10: 187080.31 | Y10: 175107.56 | Z10: 34.601979 | AA10: 276.6916 | AB10: 0.040175278 | AC10: 29.419706 | AD10: =D10*'ราคาต้นทุน (Asset)'!$E$1 -> 46901100 | AE10: {=_xlfn.LET(_xlpm.result,INDEX(ASSET!U:U, MATCH(TRIM($C10), TRIM(ASSET!$A:$A), 0)),IF(ISNUMBER(SEARCH("-", _xlpm.result)), 0, _xlpm.result))} -> 4125700 | AF10: =group_data_final[[#This Row],[ค่าบำรุงจุดกางเต็นท์]]/300000 -> 1 | AG10: {=_xlfn.LET(_xlpm.result,INDEX(ราคาค่าบำรุง!D:D, MATCH(TRIM($C10), TRIM(ราคาค่าบำรุง!$A:$A), 0)),IF(ISNUMBER(SEARCH("-", _xlpm.result)), 0, _xlpm.result))} -> 300000 | AH10: =group_data_final[[#This Row],[ค่าบำรุงจุดพักรถ]]/300000 -> 3 | AI10: {=_xlfn.LET(_xlpm.result,INDEX(ราคาค่าบำรุง!F:F, MATCH(TRIM($C10), TRIM(ราคาค่าบำรุง!$A:$A), 0)),IF(ISNUMBER(SEARCH("-", _xlpm.result)), 0, _xlpm.result))} -> 900000 | AJ10: =group_data_final[[#This Row],[ค่าบำรุงภูมิสถาปัตย์]]/300000 -> 0 | AK10: {=_xlfn.LET(_xlpm.result,INDEX(ราคาค่าบำรุง!H:H, MATCH(TRIM($C10), TRIM(ราคาค่าบำรุง!$A:$A), 0)),IF(ISNUMBER(SEARCH("-", _xlpm.result)), 0, _xlpm.result))} -> 0 | AL10: =IF(OR(COUNTIF(B10,"*กระบี่*"),COUNTIF(B10,"*จันทบุรี*"),COUNTIF(B10,"*ชุมพร*"),COUNTIF(B10,"*เชียงราย*"),COUNTIF(B10,"*ตรัง*"),COUNTIF(B10,"*นครนายก*"),COUNTIF(B10,"*ปราจีนบุรี*"),COUNTIF(B10,"*พัทลุง*"),COUNTIF(B10,"*ภูเก็ต*"),COUNTIF(B10,"*ยะลา*"),COUNTIF(B10,"*สกลนคร*"),COUNTIF(B10,"*สตูล*"),COUNTIF(B10,"*หนองคาย*"),COUNTIF(B10,"*สุราษฎร์ธานี*"),COUNTIF(B10,"*ปัตตานี*")),2, IF(OR(COUNTIF(B10,"*ตราด*"),COUNTIF(B10,"*นครพนม*"),COUNTIF(B10,"*นครศรีธรรมราช*"),COUNTIF(B10,"*นราธิวาส*"),COUNTIF(B10,"*บึงกาฬ*"),COUNTIF(B10,"*พังงา*"),COUNTIF(B10,"*ระนอง*"),COUNTIF(B10,"*สงขลา*")),4,0)) -> 2 | AM10: =_xlfn.XLOOKUP(group_data_final[[#This Row],[depot_code]],C:C,แผน68!D:D) -> 13871167 | AN10: 7842.6
A11: สำนักงานทางหลวงที่ 17 (กระบี่) | B11: ขท.กระบี่ | C11: 323 | D11: {=_xlfn.LET(_xlpm.result,INDEX(ระยะทาง!C:C, MATCH(TRIM(C11), TRIM(ระยะทาง!$A:$A), 0)),IF(ISNUMBER(SEARCH("-", _xlpm.result)), 0, _xlpm.result))} -> 752.712 | E11: {=_xlfn.LET(_xlpm.result,INDEX(ระยะทาง!D:D, MATCH(TRIM($C11), TRIM(ระยะทาง!$A:$A), 0)),IF(ISNUMBER(SEARCH("-", _xlpm.result)), 0, _xlpm.result))} -> 3359867039 | F11: 164262761 | G11: 2.3249 | H11: 377.016 | I11: 2 | J11: 8 | K11: 3.8 | L11: 3.5 | M11: 5 | N11: 6.803 | O11: 6 | P11: 8 | Q11: 7.5 | T11: 0 | U11: 0 | V11: 117197.82 | W11: 11469.8 | X11: 154243.36 | Y11: 128960 | Z11: 38.839194 | AA11: 283.53395 | AB11: 0.015192977 | AC11: 32.891799 | AD11: =D11*'ราคาต้นทุน (Asset)'!$E$1 -> 45162720 | AE11: {=_xlfn.LET(_xlpm.result,INDEX(ASSET!U:U, MATCH(TRIM($C11), TRIM(ASSET!$A:$A), 0)),IF(ISNUMBER(SEARCH("-", _xlpm.result)), 0, _xlpm.result))} -> 3235000 | AF11: =group_data_final[[#This Row],[ค่าบำรุงจุดกางเต็นท์]]/300000 -> 0 | AG11: {=_xlfn.LET(_xlpm.result,INDEX(ราคาค่าบำรุง!D:D, MATCH(TRIM($C11), TRIM(ราคาค่าบำรุง!$A:$A), 0)),IF(ISNUMBER(SEARCH("-", _xlpm.result)), 0, _xlpm.result))} -> 0 | AH11: =group_data_final[[#This Row],[ค่าบำรุงจุดพักรถ]]/300000 -> 0 | AI11: {=_xlfn.LET(_xlpm.result,INDEX(ราคาค่าบำรุง!F:F, MATCH(TRIM($C11), TRIM(ราคาค่าบำรุง!$A:$A), 0)),IF(ISNUMBER(SEARCH("-", _xlpm.result)), 0, _xlpm.result))} -> 0 | AJ11: =group_data_final[[#This Row],[ค่าบำรุงภูมิสถาปัตย์]]/300000 -> 5 | AK11: {=_xlfn.LET(_xlpm.result,INDEX(ราคาค่าบำรุง!H:H, MATCH(TRIM($C11), TRIM(ราคาค่าบำรุง!$A:$A), 0)),IF(ISNUMBER(SEARCH("-", _xlpm.result)), 0, _xlpm.result))} -> 1500000 | AL11: =IF(OR(COUNTIF(B11,"*กระบี่*"),COUNTIF(B11,"*จันทบุรี*"),COUNTIF(B11,"*ชุมพร*"),COUNTIF(B11,"*เชียงราย*"),COUNTIF(B11,"*ตรัง*"),COUNTIF(B11,"*นครนายก*"),COUNTIF(B11,"*ปราจีนบุรี*"),COUNTIF(B11,"*พัทลุง*"),COUNTIF(B11,"*ภูเก็ต*"),COUNTIF(B11,"*ยะลา*"),COUNTIF(B11,"*สกลนคร*"),COUNTIF(B11,"*สตูล*"),COUNTIF(B11,"*หนองคาย*"),COUNTIF(B11,"*สุราษฎร์ธานี*"),COUNTIF(B11,"*ปัตตานี*")),2, IF(OR(COUNTIF(B11,"*ตราด*"),COUNTIF(B11,"*นครพนม*"),COUNTIF(B11,"*นครศรีธรรมราช*"),COUNTIF(B11,"*นราธิวาส*"),COUNTIF(B11,"*บึงกาฬ*"),COUNTIF(B11,"*พังงา*"),COUNTIF(B11,"*ระนอง*"),COUNTIF(B11,"*สงขลา*")),4,0)) -> 2 | AM11: =_xlfn.XLOOKUP(group_data_final[[#This Row],[depot_code]],C:C,แผน68!D:D) -> 9306767.8 | AN11: 4899.5
A12: สำนักงานทางหลวงที่ 17 (กระบี่) | B12: ขท.ภูเก็ต | C12: 324 | D12: {=_xlfn.LET(_xlpm.result,INDEX(ระยะทาง!C:C, MATCH(TRIM(C12), TRIM(ระยะทาง!$A:$A), 0)),IF(ISNUMBER(SEARCH("-", _xlpm.result)), 0, _xlpm.result))} -> 603.141 | E12: {=_xlfn.LET(_xlpm.result,INDEX(ระยะทาง!D:D, MATCH(TRIM($C12), TRIM(ระยะทาง!$A:$A), 0)),IF(ISNUMBER(SEARCH("-", _xlpm.result)), 0, _xlpm.result))} -> 2002651336 | F12: 286100492 | G12: 2.1375 | H12: 183.826 | I12: 2 | J12: 6 | K12: 3.75 | L12: 3.5 | M12: 5.142 | N12: 1.41 | O12: 6 | P12: 6 | Q12: 6 | R12: 3.5 | S12: 4 | T12: 84454.5 | U12: 0 | V12: 183292.9 | W12: 298.6 | X12: 77498.53 | Y12: 76414 | Z12: 18.8077 | AA12: 236.84713 | AB12: 0.060811905 | AC12: 40.625832 | AD12: =D12*'ราคาต้นทุน (Asset)'!$E$1 -> 36188460 | AE12: {=_xlfn.LET(_xlpm.result,INDEX(ASSET!U:U, MATCH(TRIM($C12), TRIM(ASSET!$A:$A), 0)),IF(ISNUMBER(SEARCH("-", _xlpm.result)), 0, _xlpm.result))} -> 4392300 | AF12: =group_data_final[[#This Row],[ค่าบำรุงจุดกางเต็นท์]]/300000 -> 0 | AG12: {=_xlfn.LET(_xlpm.result,INDEX(ราคาค่าบำรุง!D:D, MATCH(TRIM($C12), TRIM(ราคาค่าบำรุง!$A:$A), 0)),IF(ISNUMBER(SEARCH("-", _xlpm.result)), 0, _xlpm.result))} -> 0 | AH12: =group_data_final[[#This Row],[ค่าบำรุงจุดพักรถ]]/300000 -> 9 | AI12: {=_xlfn.LET(_xlpm.result,INDEX(ราคาค่าบำรุง!F:F, MATCH(TRIM($C12), TRIM(ราคาค่าบำรุง!$A:$A), 0)),IF(ISNUMBER(SEARCH("-", _xlpm.result)), 0, _xlpm.result))} -> 2700000 | AJ12: =group_data_final[[#This Row],[ค่าบำรุงภูมิสถาปัตย์]]/300000 -> 2 | AK12: {=_xlfn.LET(_xlpm.result,INDEX(ราคาค่าบำรุง!H:H, MATCH(TRIM($C12), TRIM(ราคาค่าบำรุง!$A:$A), 0)),IF(ISNUMBER(SEARCH("-", _xlpm.result)), 0, _xlpm.result))} -> 600000 | AL12: =IF(OR(COUNTIF(B12,"*กระบี่*"),COUNTIF(B12,"*จันทบุรี*"),COUNTIF(B12,"*ชุมพร*"),COUNTIF(B12,"*เชียงราย*"),COUNTIF(B12,"*ตรัง*"),COUNTIF(B12,"*นครนายก*"),COUNTIF(B12,"*ปราจีนบุรี*"),COUNTIF(B12,"*พัทลุง*"),COUNTIF(B12,"*ภูเก็ต*"),COUNTIF(B12,"*ยะลา*"),COUNTIF(B12,"*สกลนคร*"),COUNTIF(B12,"*สตูล*"),COUNTIF(B12,"*หนองคาย*"),COUNTIF(B12,"*สุราษฎร์ธานี*"),COUNTIF(B12,"*ปัตตานี*")),2, IF(OR(COUNTIF(B12,"*ตราด*"),COUNTIF(B12,"*นครพนม*"),COUNTIF(B12,"*นครศรีธรรมราช*"),COUNTIF(B12,"*นราธิวาส*"),COUNTIF(B12,"*บึงกาฬ*"),COUNTIF(B12,"*พังงา*"),COUNTIF(B12,"*ระนอง*"),COUNTIF(B12,"*สงขลา*")),4,0)) -> 2 | AM12: =_xlfn.XLOOKUP(group_data_final[[#This Row],[depot_code]],C:C,แผน68!D:D) -> 17236877 | AN12: 3881.05
A13: สำนักงานทางหลวงที่ 16 (นครศรีธรรมราช) | B13: ขท.สุราษฎร์ธานีที่ 1 | C13: 325 | D13: {=_xlfn.LET(_xlpm.result,INDEX(ระยะทาง!C:C, MATCH(TRIM(C13), TRIM(ระยะทาง!$A:$A), 0)),IF(ISNUMBER(SEARCH("-", _xlpm.result)), 0, _xlpm.result))} -> 837.591 | E13: {=_xlfn.LET(_xlpm.result,INDEX(ระยะทาง!D:D, MATCH(TRIM($C13), TRIM(ระยะทาง!$A:$A), 0)),IF(ISNUMBER(SEARCH("-", _xlpm.result)), 0, _xlpm.result))} -> 1428980582 | F13: 340339410 | G13: 2.888 | H13: 336.702 | I13: 4 | J13: 10 | K13: 4.75 | L13: 3.5 | M13: 5 | N13: 28.52 | O13: 4 | P13: 8 | Q13: 5.25 | R13: 3.9834 | S13: 5.1 | T13: 0 | U13: 0 | V13: 104749.26 | W13: 22826.2 | X13: 161539.41 | Y13: 67464.56 | Z13: 25.816613 | AA13: 195.01159 | AB13: 0.0087856958 | AC13: 21.360564 | AD13: =D13*'ราคาต้นทุน (Asset)'!$E$1 -> 50255460 | AE13: {=_xlfn.LET(_xlpm.result,INDEX(ASSET!U:U, MATCH(TRIM($C13), TRIM(ASSET!$A:$A), 0)),IF(ISNUMBER(SEARCH("-", _xlpm.result)), 0, _xlpm.result))} -> 3374200 | AF13: =group_data_final[[#This Row],[ค่าบำรุงจุดกางเต็นท์]]/300000 -> 2 | AG13: {=_xlfn.LET(_xlpm.result,INDEX(ราคาค่าบำรุง!D:D, MATCH(TRIM($C13), TRIM(ราคาค่าบำรุง!$A:$A), 0)),IF(ISNUMBER(SEARCH("-", _xlpm.result)), 0, _xlpm.result))} -> 600000 | AH13: =group_data_final[[#This Row],[ค่าบำรุงจุดพักรถ]]/300000 -> 0 | AI13: {=_xlfn.LET(_xlpm.result,INDEX(ราคาค่าบำรุง!F:F, MATCH(TRIM($C13), TRIM(ราคาค่าบำรุง!$A:$A), 0)),IF(ISNUMBER(SEARCH("-", _xlpm.result)), 0, _xlpm.result))} -> 0 | AJ13: =group_data_final[[#This Row],[ค่าบำรุงภูมิสถาปัตย์]]/300000 -> 0 | AK13: {=_xlfn.LET(_xlpm.result,INDEX(ราคาค่าบำรุง!H:H, MATCH(TRIM($C13), TRIM(ราคาค่าบำรุง!$A:$A), 0)),IF(ISNUMBER(SEARCH("-", _xlpm.result)), 0, _xlpm.result))} -> 0 | AL13: =IF(OR(COUNTIF(B13,"*กระบี่*"),COUNTIF(B13,"*จันทบุรี*"),COUNTIF(B13,"*ชุมพร*"),COUNTIF(B13,"*เชียงราย*"),COUNTIF(B13,"*ตรัง*"),COUNTIF(B13,"*นครนายก*"),COUNTIF(B13,"*ปราจีนบุรี*"),COUNTIF(B13,"*พัทลุง*"),COUNTIF(B13,"*ภูเก็ต*"),COUNTIF(B13,"*ยะลา*"),COUNTIF(B13,"*สกลนคร*"),COUNTIF(B13,"*สตูล*"),COUNTIF(B13,"*หนองคาย*"),COUNTIF(B13,"*สุราษฎร์ธานี*"),COUNTIF(B13,"*ปัตตานี*")),2, IF(OR(COUNTIF(B13,"*ตราด*"),COUNTIF(B13,"*นครพนม*"),COUNTIF(B13,"*นครศรีธรรมราช*"),COUNTIF(B13,"*นราธิวาส*"),COUNTIF(B13,"*บึงกาฬ*"),COUNTIF(B13,"*พังงา*"),COUNTIF(B13,"*ระนอง*"),COUNTIF(B13,"*สงขลา*")),4,0)) -> 2 | AM13: =_xlfn.XLOOKUP(group_data_final[[#This Row],[depot_code]],C:C,แผน68!D:D) -> 47805316 | AN13: 19521.95
A14: สำนักงานทางหลวงที่ 16 (นครศรีธรรมราช) | B14: ขท.นครศรีธรรมราชที่ 2 (ทุ่งสง) | C14: 326 | D14: {=_xlfn.LET(_xlpm.result,INDEX(ระยะทาง!C:C, MATCH(TRIM(C14), TRIM(ระยะทาง!$A:$A), 0)),IF(ISNUMBER(SEARCH("-", _xlpm.result)), 0, _xlpm.result))} -> 796.763 | E14: {=_xlfn.LET(_xlpm.result,INDEX(ระยะทาง!D:D, MATCH(TRIM($C14), TRIM(ระยะทาง!$A:$A), 0)),IF(ISNUMBER(SEARCH("-", _xlpm.result)), 0, _xlpm.result))} -> 1652487745 | F14: 117360950 | G14: 2.047 | H14: 336.505 | I14: 1 | J14: 8 | K14: 3.6666667 | L14: 3.633 | M14: 5 | N14: 4.637 | O14: 1 | P14: 4 | Q14: 2.75 | R14: 3.5 | T14: 0 | U14: 0 | V14: 201275.85 | W14: 20481.05 | X14: 67600.845 | Y14: 130569.13 | Z14: 44.054685 | AA14: 299.71773 | AB14: -0.0102959 | AC14: 29.336213 | AD14: =D14*'ราคาต้นทุน (Asset)'!$E$1 -> 47805780 | AE14: {=_xlfn.LET(_xlpm.result,INDEX(ASSET!U:U, MATCH(TRIM($C14), TRIM(ASSET!$A:$A), 0)),IF(ISNUMBER(SEARCH("-", _xlpm.result)), 0, _xlpm.result))} -> 3582200 | AF14: =group_data_final[[#This Row],[ค่าบำรุงจุดกางเต็นท์]]/300000 -> 0 | AG14: {=_xlfn.LET(_xlpm.result,INDEX(ราคาค่าบำรุง!D:D, MATCH(TRIM($C14), TRIM(ราคาค่าบำรุง!$A:$A), 0)),IF(ISNUMBER(SEARCH("-", _xlpm.result)), 0, _xlpm.result))} -> 0 | AH14: =group_data_final[[#This Row],[ค่าบำรุงจุดพักรถ]]/300000 -> 1 | AI14: {=_xlfn.LET(_xlpm.result,INDEX(ราคาค่าบำรุง!F:F, MATCH(TRIM($C14), TRIM(ราคาค่าบำรุง!$A:$A), 0)),IF(ISNUMBER(SEARCH("-", _xlpm.result)), 0, _xlpm.result))} -> 300000 | AJ14: =group_data_final[[#This Row],[ค่าบำรุงภูมิสถาปัตย์]]/300000 -> 2 | AK14: {=_xlfn.LET(_xlpm.result,INDEX(ราคาค่าบำรุง!H:H, MATCH(TRIM($C14), TRIM(ราคาค่าบำรุง!$A:$A), 0)),IF(ISNUMBER(SEARCH("-", _xlpm.result)), 0, _xlpm.result))} -> 600000 | AL14: =IF(OR(COUNTIF(B14,"*กระบี่*"),COUNTIF(B14,"*จันทบุรี*"),COUNTIF(B14,"*ชุมพร*"),COUNTIF(B14,"*เชียงราย*"),COUNTIF(B14,"*ตรัง*"),COUNTIF(B14,"*นครนายก*"),COUNTIF(B14,"*ปราจีนบุรี*"),COUNTIF(B14,"*พัทลุง*"),COUNTIF(B14,"*ภูเก็ต*"),COUNTIF(B14,"*ยะลา*"),COUNTIF(B14,"*สกลนคร*"),COUNTIF(B14,"*สตูล*"),COUNTIF(B14,"*หนองคาย*"),COUNTIF(B14,"*สุราษฎร์ธานี*"),COUNTIF(B14,"*ปัตตานี*")),2, IF(OR(COUNTIF(B14,"*ตราด*"),COUNTIF(B14,"*นครพนม*"),COUNTIF(B14,"*นครศรีธรรมราช*"),COUNTIF(B14,"*นราธิวาส*"),COUNTIF(B14,"*บึงกาฬ*"),COUNTIF(B14,"*พังงา*"),COUNTIF(B14,"*ระนอง*"),COUNTIF(B14,"*สงขลา*")),4,0)) -> 4 | AM14: =_xlfn.XLOOKUP(group_data_final[[#This Row],[depot_code]],C:C,แผน68!D:D) -> 46419930 | AN14: 10490.415
A15: สำนักงานทางหลวงที่ 17 (กระบี่) | B15: ขท.พังงา | C15: 327 | D15: {=_xlfn.LET(_xlpm.result,INDEX(ระยะทาง!C:C, MATCH(TRIM(C15), TRIM(ระยะทาง!$A:$A), 0)),IF(ISNUMBER(SEARCH("-", _xlpm.result)), 0, _xlpm.result))} -> 631.11 | E15: {=_xlfn.LET(_xlpm.result,INDEX(ระยะทาง!D:D, MATCH(TRIM($C15), TRIM(ระยะทาง!$A:$A), 0)),IF(ISNUMBER(SEARCH("-", _xlpm.result)), 0, _xlpm.result))} -> 1037823437 | F15: 147135214 | G15: 2.26175 | H15: 351.789 | I15: 2 | J15: 8 | K15: 3.625 | L15: 3.5 | M15: 5 | N15: 4.798 | O15: 4 | P15: 4 | Q15: 4 | R15: 3.5 | S15: 5 | T15: 0 | U15: 0 | V15: 97155.83 | W15: 199184.2 | X15: 179800.05 | Y15: 120222 | Z15: 50.63684 | AA15: 1131.5234 | AB15: 0.096910477 | AC15: 36.117306 | AD15: =D15*'ราคาต้นทุน (Asset)'!$E$1 -> 37866600 | AE15: {=_xlfn.LET(_xlpm.result,INDEX(ASSET!U:U, MATCH(TRIM($C15), TRIM(ASSET!$A:$A), 0)),IF(ISNUMBER(SEARCH("-", _xlpm.result)), 0, _xlpm.result))} -> 3191800 | AF15: =group_data_final[[#This Row],[ค่าบำรุงจุดกางเต็นท์]]/300000 -> 0 | AG15: {=_xlfn.LET(_xlpm.result,INDEX(ราคาค่าบำรุง!D:D, MATCH(TRIM($C15), TRIM(ราคาค่าบำรุง!$A:$A), 0)),IF(ISNUMBER(SEARCH("-", _xlpm.result)), 0, _xlpm.result))} -> 0 | AH15: =group_data_final[[#This Row],[ค่าบำรุงจุดพักรถ]]/300000 -> 1 | AI15: {=_xlfn.LET(_xlpm.result,INDEX(ราคาค่าบำรุง!F:F, MATCH(TRIM($C15), TRIM(ราคาค่าบำรุง!$A:$A), 0)),IF(ISNUMBER(SEARCH("-", _xlpm.result)), 0, _xlpm.result))} -> 300000 | AJ15: =group_data_final[[#This Row],[ค่าบำรุงภูมิสถาปัตย์]]/300000 -> 0 | AK15: {=_xlfn.LET(_xlpm.result,INDEX(ราคาค่าบำรุง!H:H, MATCH(TRIM($C15), TRIM(ราคาค่าบำรุง!$A:$A), 0)),IF(ISNUMBER(SEARCH("-", _xlpm.result)), 0, _xlpm.result))} -> 0 | AL15: =IF(OR(COUNTIF(B15,"*กระบี่*"),COUNTIF(B15,"*จันทบุรี*"),COUNTIF(B15,"*ชุมพร*"),COUNTIF(B15,"*เชียงราย*"),COUNTIF(B15,"*ตรัง*"),COUNTIF(B15,"*นครนายก*"),COUNTIF(B15,"*ปราจีนบุรี*"),COUNTIF(B15,"*พัทลุง*"),COUNTIF(B15,"*ภูเก็ต*"),COUNTIF(B15,"*ยะลา*"),COUNTIF(B15,"*สกลนคร*"),COUNTIF(B15,"*สตูล*"),COUNTIF(B15,"*หนองคาย*"),COUNTIF(B15,"*สุราษฎร์ธานี*"),COUNTIF(B15,"*ปัตตานี*")),2, IF(OR(COUNTIF(B15,"*ตราด*"),COUNTIF(B15,"*นครพนม*"),COUNTIF(B15,"*นครศรีธรรมราช*"),COUNTIF(B15,"*นราธิวาส*"),COUNTIF(B15,"*บึงกาฬ*"),COUNTIF(B15,"*พังงา*"),COUNTIF(B15,"*ระนอง*"),COUNTIF(B15,"*สงขลา*")),4,0)) -> 4 | AM15: =_xlfn.XLOOKUP(group_data_final[[#This Row],[depot_code]],C:C,แผน68!D:D) -> 22852169 | AN15: 9585.5
A16: สำนักงานทางหลวงที่ 16 (นครศรีธรรมราช) | B16: ขท.สุราษฎร์ธานีที่ 2 (กาญจนดิษฐ์) | C16: 328 | D16: {=_xlfn.LET(_xlpm.result,INDEX(ระยะทาง!C:C, MATCH(TRIM(C16), TRIM(ระยะทาง!$A:$A), 0)),IF(ISNUMBER(SEARCH("-", _xlpm.result)), 0, _xlpm.result))} -> 604.326 | E16: {=_xlfn.LET(_xlpm.result,INDEX(ระยะทาง!D:D, MATCH(TRIM($C16), TRIM(ระยะทาง!$A:$A), 0)),IF(ISNUMBER(SEARCH("-", _xlpm.result)), 0, _xlpm.result))} -> 2265182029 | F16: 206441188 | G16: 2.1868571 | H16: 322.261 | I16: 2 | J16: 6 | K16: 3.5714286 | L16: 3.532 | M16: 5 | N16: 0 | T16: 15320 | U16: 0 | V16: 188911.98 | W16: 1665.3 | X16: 309545.47 | Y16: 18438.661 | Z16: 26.385044 | AA16: 98.328851 | AB16: -0.01283958 | AC16: 25.833823 | AD16: =D16*'ราคาต้นทุน (Asset)'!$E$1 -> 36259560 | AE16: {=_xlfn.LET(_xlpm.result,INDEX(ASSET!U:U, MATCH(TRIM($C16), TRIM(ASSET!$A:$A), 0)),IF(ISNUMBER(SEARCH("-", _xlpm.result)), 0, _xlpm.result))} -> 2624800 | AF16: =group_data_final[[#This Row],[ค่าบำรุงจุดกางเต็นท์]]/300000 -> 0 | AG16: {=_xlfn.LET(_xlpm.result,INDEX(ราคาค่าบำรุง!D:D, MATCH(TRIM($C16), TRIM(ราคาค่าบำรุง!$A:$A), 0)),IF(ISNUMBER(SEARCH("-", _xlpm.result)), 0, _xlpm.result))} -> 0 | AH16: =group_data_final[[#This Row],[ค่าบำรุงจุดพักรถ]]/300000 -> 1 | AI16: {=_xlfn.LET(_xlpm.result,INDEX(ราคาค่าบำรุง!F:F, MATCH(TRIM($C16), TRIM(ราคาค่าบำรุง!$A:$A), 0)),IF(ISNUMBER(SEARCH("-", _xlpm.result)), 0, _xlpm.result))} -> 300000 | AJ16: =group_data_final[[#This Row],[ค่าบำรุงภูมิสถาปัตย์]]/300000 -> 1 | AK16: {=_xlfn.LET(_xlpm.result,INDEX(ราคาค่าบำรุง!H:H, MATCH(TRIM($C16), TRIM(ราคาค่าบำรุง!$A:$A), 0)),IF(ISNUMBER(SEARCH("-", _xlpm.result)), 0, _xlpm.result))} -> 300000 | AL16: =IF(OR(COUNTIF(B16,"*กระบี่*"),COUNTIF(B16,"*จันทบุรี*"),COUNTIF(B16,"*ชุมพร*"),COUNTIF(B16,"*เชียงราย*"),COUNTIF(B16,"*ตรัง*"),COUNTIF(B16,"*นครนายก*"),COUNTIF(B16,"*ปราจีนบุรี*"),COUNTIF(B16,"*พัทลุง*"),COUNTIF(B16,"*ภูเก็ต*"),COUNTIF(B16,"*ยะลา*"),COUNTIF(B16,"*สกลนคร*"),COUNTIF(B16,"*สตูล*"),COUNTIF(B16,"*หนองคาย*"),COUNTIF(B16,"*สุราษฎร์ธานี*"),COUNTIF(B16,"*ปัตตานี*")),2, IF(OR(COUNTIF(B16,"*ตราด*"),COUNTIF(B16,"*นครพนม*"),COUNTIF(B16,"*นครศรีธรรมราช*"),COUNTIF(B16,"*นราธิวาส*"),COUNTIF(B16,"*บึงกาฬ*"),COUNTIF(B16,"*พังงา*"),COUNTIF(B16,"*ระนอง*"),COUNTIF(B16,"*สงขลา*")),4,0)) -> 2 | AM16: =_xlfn.XLOOKUP(group_data_final[[#This Row],[depot_code]],C:C,แผน68!D:D) -> 26661756 | AN16: 8649
A17: สำนักงานทางหลวงที่ 16 (นครศรีธรรมราช) | B17: ขท.สุราษฎร์ธานีที่ 3 (เวียงสระ) | C17: 329 | D17: {=_xlfn.LET(_xlpm.result,INDEX(ระยะทาง!C:C, MATCH(TRIM(C17), TRIM(ระยะทาง!$A:$A), 0)),IF(ISNUMBER(SEARCH("-", _xlpm.result)), 0, _xlpm.result))} -> 673.54 | E17: {=_xlfn.LET(_xlpm.result,INDEX(ระยะทาง!D:D, MATCH(TRIM($C17), TRIM(ระยะทาง!$A:$A), 0)),IF(ISNUMBER(SEARCH("-", _xlpm.result)), 0, _xlpm.result))} -> 2893846250 | F17: 352097013 | G17: 2.253 | H17: 304.089 | I17: 2 | J17: 6 | K17: 3.5 | L17: 3.5 | M17: 5 | N17: 4.628 | O17: 2 | P17: 6 | Q17: 4 | T17: 0 | U17: 0 | V17: 80023.69 | W17: 8284 | X17: 71181.69 | Y17: 84163 | Z17: 55.750415 | AA17: 201.86348 | AB17: 0.017444917 | AC17: 31.187232 | AD17: =D17*'ราคาต้นทุน (Asset)'!$E$1 -> 40412400 | AE17: {=_xlfn.LET(_xlpm.result,INDEX(ASSET!U:U, MATCH(TRIM($C17), TRIM(ASSET!$A:$A), 0)),IF(ISNUMBER(SEARCH("-", _xlpm.result)), 0, _xlpm.result))} -> 2533400 | AF17: =group_data_final[[#This Row],[ค่าบำรุงจุดกางเต็นท์]]/300000 -> 0 | AG17: {=_xlfn.LET(_xlpm.result,INDEX(ราคาค่าบำรุง!D:D, MATCH(TRIM($C17), TRIM(ราคาค่าบำรุง!$A:$A), 0)),IF(ISNUMBER(SEARCH("-", _xlpm.result)), 0, _xlpm.result))} -> 0 | AH17: =group_data_final[[#This Row],[ค่าบำรุงจุดพักรถ]]/300000 -> 2 | AI17: {=_xlfn.LET(_xlpm.result,INDEX(ราคาค่าบำรุง!F:F, MATCH(TRIM($C17), TRIM(ราคาค่าบำรุง!$A:$A), 0)),IF(ISNUMBER(SEARCH("-", _xlpm.result)), 0, _xlpm.result))} -> 600000 | AJ17: =group_data_final[[#This Row],[ค่าบำรุงภูมิสถาปัตย์]]/300000 -> 0 | AK17: {=_xlfn.LET(_xlpm.result,INDEX(ราคาค่าบำรุง!H:H, MATCH(TRIM($C17), TRIM(ราคาค่าบำรุง!$A:$A), 0)),IF(ISNUMBER(SEARCH("-", _xlpm.result)), 0, _xlpm.result))} -> 0 | AL17: =IF(OR(COUNTIF(B17,"*กระบี่*"),COUNTIF(B17,"*จันทบุรี*"),COUNTIF(B17,"*ชุมพร*"),COUNTIF(B17,"*เชียงราย*"),COUNTIF(B17,"*ตรัง*"),COUNTIF(B17,"*นครนายก*"),COUNTIF(B17,"*ปราจีนบุรี*"),COUNTIF(B17,"*พัทลุง*"),COUNTIF(B17,"*ภูเก็ต*"),COUNTIF(B17,"*ยะลา*"),COUNTIF(B17,"*สกลนคร*"),COUNTIF(B17,"*สตูล*"),COUNTIF(B17,"*หนองคาย*"),COUNTIF(B17,"*สุราษฎร์ธานี*"),COUNTIF(B17,"*ปัตตานี*")),2, IF(OR(COUNTIF(B17,"*ตราด*"),COUNTIF(B17,"*นครพนม*"),COUNTIF(B17,"*นครศรีธรรมราช*"),COUNTIF(B17,"*นราธิวาส*"),COUNTIF(B17,"*บึงกาฬ*"),COUNTIF(B17,"*พังงา*"),COUNTIF(B17,"*ระนอง*"),COUNTIF(B17,"*สงขลา*")),4,0)) -> 2 | AM17: =_xlfn.XLOOKUP(group_data_final[[#This Row],[depot_code]],C:C,แผน68!D:D) -> 49094616 | AN17: 7855
A18: สำนักงานทางหลวงที่ 17 (กระบี่) | B18: ขท.ระนอง | C18: 331 | D18: {=_xlfn.LET(_xlpm.result,INDEX(ระยะทาง!C:C, MATCH(TRIM(C18), TRIM(ระยะทาง!$A:$A), 0)),IF(ISNUMBER(SEARCH("-", _xlpm.result)), 0, _xlpm.result))} -> 536.827 | E18: {=_xlfn.LET(_xlpm.result,INDEX(ระยะทาง!D:D, MATCH(TRIM($C18), TRIM(ระยะทาง!$A:$A), 0)),IF(ISNUMBER(SEARCH("-", _xlpm.result)), 0, _xlpm.result))} -> 994758501 | F18: 224455317 | G18: 2.74225 | H18: 268.19 | I18: 1 | J18: 6 | K18: 3.5 | L18: 3.5 | M18: 5 | N18: 3.344 | O18: 4 | P18: 4 | Q18: 4 | T18: 21936 | U18: 0 | V18: 42015.05 | W18: 7456.4 | X18: 119997.3 | Y18: 96801 | Z18: 36.928204 | AA18: 1161.6493 | AB18: 0.2009175 | AC18: 51.655285 | AD18: =D18*'ราคาต้นทุน (Asset)'!$E$1 -> 32209620 | AE18: {=_xlfn.LET(_xlpm.result,INDEX(ASSET!U:U, MATCH(TRIM($C18), TRIM(ASSET!$A:$A), 0)),IF(ISNUMBER(SEARCH("-", _xlpm.result)), 0, _xlpm.result))} -> 3081300 | AF18: =group_data_final[[#This Row],[ค่าบำรุงจุดกางเต็นท์]]/300000 -> 0 | AG18: {=_xlfn.LET(_xlpm.result,INDEX(ราคาค่าบำรุง!D:D, MATCH(TRIM($C18), TRIM(ราคาค่าบำรุง!$A:$A), 0)),IF(ISNUMBER(SEARCH("-", _xlpm.result)), 0, _xlpm.result))} -> 0 | AH18: =group_data_final[[#This Row],[ค่าบำรุงจุดพักรถ]]/300000 -> 1 | AI18: {=_xlfn.LET(_xlpm.result,INDEX(ราคาค่าบำรุง!F:F, MATCH(TRIM($C18), TRIM(ราคาค่าบำรุง!$A:$A), 0)),IF(ISNUMBER(SEARCH("-", _xlpm.result)), 0, _xlpm.result))} -> 300000 | AJ18: =group_data_final[[#This Row],[ค่าบำรุงภูมิสถาปัตย์]]/300000 -> 0 | AK18: {=_xlfn.LET(_xlpm.result,INDEX(ราคาค่าบำรุง!H:H, MATCH(TRIM($C18), TRIM(ราคาค่าบำรุง!$A:$A), 0)),IF(ISNUMBER(SEARCH("-", _xlpm.result)), 0, _xlpm.result))} -> 0 | AL18: =IF(OR(COUNTIF(B18,"*กระบี่*"),COUNTIF(B18,"*จันทบุรี*"),COUNTIF(B18,"*ชุมพร*"),COUNTIF(B18,"*เชียงราย*"),COUNTIF(B18,"*ตรัง*"),COUNTIF(B18,"*นครนายก*"),COUNTIF(B18,"*ปราจีนบุรี*"),COUNTIF(B18,"*พัทลุง*"),COUNTIF(B18,"*ภูเก็ต*"),COUNTIF(B18,"*ยะลา*"),COUNTIF(B18,"*สกลนคร*"),COUNTIF(B18,"*สตูล*"),COUNTIF(B18,"*หนองคาย*"),COUNTIF(B18,"*สุราษฎร์ธานี*"),COUNTIF(B18,"*ปัตตานี*")),2, IF(OR(COUNTIF(B18,"*ตราด*"),COUNTIF(B18,"*นครพนม*"),COUNTIF(B18,"*นครศรีธรรมราช*"),COUNTIF(B18,"*นราธิวาส*"),COUNTIF(B18,"*บึงกาฬ*"),COUNTIF(B18,"*พังงา*"),COUNTIF(B18,"*ระนอง*"),COUNTIF(B18,"*สงขลา*")),4,0)) -> 4 | AM18: =_xlfn.XLOOKUP(group_data_final[[#This Row],[depot_code]],C:C,แผน68!D:D) -> 35764703 | AN18: 7390
A19: สำนักงานทางหลวงที่ 15 (ประจวบคีรีขันธ์) | B19: ขท.ชุมพร | C19: 332 | D19: {=_xlfn.LET(_xlpm.result,INDEX(ระยะทาง!C:C, MATCH(TRIM(C19), TRIM(ระยะทาง!$A:$A), 0)),IF(ISNUMBER(SEARCH("-", _xlpm.result)), 0, _xlpm.result))} -> 661.423 | E19: {=_xlfn.LET(_xlpm.result,INDEX(ระยะทาง!D:D, MATCH(TRIM($C19), TRIM(ระยะทาง!$A:$A), 0)),IF(ISNUMBER(SEARCH("-", _xlpm.result)), 0, _xlpm.result))} -> 2142184953 | F19: 758169463 | G19: 2.3232857 | H19: 310.773 | I19: 2 | J19: 6 | K19: 3.1428571 | L19: 3.5 | M19: 6 | N19: 69.258 | O19: 2 | P19: 4 | Q19: 3.4285714 | R19: 3.5 | S19: 5.1666667 | T19: 0 | U19: 0 | V19: 283505.86 | W19: 2204.8 | X19: 165962.01 | Y19: 227064 | Z19: 21.335998 | AA19: 172.81534 | AB19: -0.08587616 | AC19: 17.832183 | AD19: =D19*'ราคาต้นทุน (Asset)'!$E$1 -> 39685380 | AE19: {=_xlfn.LET(_xlpm.result,INDEX(ASSET!U:U, MATCH(TRIM($C19), TRIM(ASSET!$A:$A), 0)),IF(ISNUMBER(SEARCH("-", _xlpm.result)), 0, _xlpm.result))} -> 3167100 | AF19: =group_data_final[[#This Row],[ค่าบำรุงจุดกางเต็นท์]]/300000 -> 1 | AG19: {=_xlfn.LET(_xlpm.result,INDEX(ราคาค่าบำรุง!D:D, MATCH(TRIM($C19), TRIM(ราคาค่าบำรุง!$A:$A), 0)),IF(ISNUMBER(SEARCH("-", _xlpm.result)), 0, _xlpm.result))} -> 300000 | AH19: =group_data_final[[#This Row],[ค่าบำรุงจุดพักรถ]]/300000 -> 0 | AI19: {=_xlfn.LET(_xlpm.result,INDEX(ราคาค่าบำรุง!F:F, MATCH(TRIM($C19), TRIM(ราคาค่าบำรุง!$A:$A), 0)),IF(ISNUMBER(SEARCH("-", _xlpm.result)), 0, _xlpm.result))} -> 0 | AJ19: =group_data_final[[#This Row],[ค่าบำรุงภูมิสถาปัตย์]]/300000 -> 0 | AK19: {=_xlfn.LET(_xlpm.result,INDEX(ราคาค่าบำรุง!H:H, MATCH(TRIM($C19), TRIM(ราคาค่าบำรุง!$A:$A), 0)),IF(ISNUMBER(SEARCH("-", _xlpm.result)), 0, _xlpm.result))} -> 0 | AL19: =IF(OR(COUNTIF(B19,"*กระบี่*"),COUNTIF(B19,"*จันทบุรี*"),COUNTIF(B19,"*ชุมพร*"),COUNTIF(B19,"*เชียงราย*"),COUNTIF(B19,"*ตรัง*"),COUNTIF(B19,"*นครนายก*"),COUNTIF(B19,"*ปราจีนบุรี*"),COUNTIF(B19,"*พัทลุง*"),COUNTIF(B19,"*ภูเก็ต*"),COUNTIF(B19,"*ยะลา*"),COUNTIF(B19,"*สกลนคร*"),COUNTIF(B19,"*สตูล*"),COUNTIF(B19,"*หนองคาย*"),COUNTIF(B19,"*สุราษฎร์ธานี*"),COUNTIF(B19,"*ปัตตานี*")),2, IF(OR(COUNTIF(B19,"*ตราด*"),COUNTIF(B19,"*นครพนม*"),COUNTIF(B19,"*นครศรีธรรมราช*"),COUNTIF(B19,"*นราธิวาส*"),COUNTIF(B19,"*บึงกาฬ*"),COUNTIF(B19,"*พังงา*"),COUNTIF(B19,"*ระนอง*"),COUNTIF(B19,"*สงขลา*")),4,0)) -> 2 | AM19: =_xlfn.XLOOKUP(group_data_final[[#This Row],[depot_code]],C:C,แผน68!D:D) -> 17220342 | AN19: 8576
A20: สำนักงานทางหลวงที่ 15 (ประจวบคีรีขันธ์) | B20: ขท.ประจวบคีรีขันธ์ (หัวหิน) | C20: 333 | D20: {=_xlfn.LET(_xlpm.result,INDEX(ระยะทาง!C:C, MATCH(TRIM(C20), TRIM(ระยะทาง!$A:$A), 0)),IF(ISNUMBER(SEARCH("-", _xlpm.result)), 0, _xlpm.result))} -> 721.525 | E20: {=_xlfn.LET(_xlpm.result,INDEX(ระยะทาง!D:D, MATCH(TRIM($C20), TRIM(ระยะทาง!$A:$A), 0)),IF(ISNUMBER(SEARCH("-", _xlpm.result)), 0, _xlpm.result))} -> 1298448961 | F20: 509205403 | G20: 2.0094286 | H20: 485.206 | I20: 2 | J20: 10 | K20: 4 | L20: 3.5 | M20: 5 | N20: 11.374 | O20: 4 | P20: 8 | Q20: 5 | R20: 3.5 | S20: 4.7333333 | T20: 36547.73 | U20: 19560.68 | V20: 188116.78 | W20: 4175.25 | X20: 240902.6 | Y20: 195405 | Z20: 27.810755 | AA20: 165.39513 | AB20: -0.046238055 | AC20: 10.670958 | AD20: =D20*'ราคาต้นทุน (Asset)'!$E$1 -> 43291500 | AE20: {=_xlfn.LET(_xlpm.result,INDEX(ASSET!U:U, MATCH(TRIM($C20), TRIM(ASSET!$A:$A), 0)),IF(ISNUMBER(SEARCH("-", _xlpm.result)), 0, _xlpm.result))} -> 3325700 | AF20: =group_data_final[[#This Row],[ค่าบำรุงจุดกางเต็นท์]]/300000 -> 1 | AG20: {=_xlfn.LET(_xlpm.result,INDEX(ราคาค่าบำรุง!D:D, MATCH(TRIM($C20), TRIM(ราคาค่าบำรุง!$A:$A), 0)),IF(ISNUMBER(SEARCH("-", _xlpm.result)), 0, _xlpm.result))} -> 300000 | AH20: =group_data_final[[#This Row],[ค่าบำรุงจุดพักรถ]]/300000 -> 2 | AI20: {=_xlfn.LET(_xlpm.result,INDEX(ราคาค่าบำรุง!F:F, MATCH(TRIM($C20), TRIM(ราคาค่าบำรุง!$A:$A), 0)),IF(ISNUMBER(SEARCH("-", _xlpm.result)), 0, _xlpm.result))} -> 600000 | AJ20: =group_data_final[[#This Row],[ค่าบำรุงภูมิสถาปัตย์]]/300000 -> 0 | AK20: {=_xlfn.LET(_xlpm.result,INDEX(ราคาค่าบำรุง!H:H, MATCH(TRIM($C20), TRIM(ราคาค่าบำรุง!$A:$A), 0)),IF(ISNUMBER(SEARCH("-", _xlpm.result)), 0, _xlpm.result))} -> 0 | AL20: =IF(OR(COUNTIF(B20,"*กระบี่*"),COUNTIF(B20,"*จันทบุรี*"),COUNTIF(B20,"*ชุมพร*"),COUNTIF(B20,"*เชียงราย*"),COUNTIF(B20,"*ตรัง*"),COUNTIF(B20,"*นครนายก*"),COUNTIF(B20,"*ปราจีนบุรี*"),COUNTIF(B20,"*พัทลุง*"),COUNTIF(B20,"*ภูเก็ต*"),COUNTIF(B20,"*ยะลา*"),COUNTIF(B20,"*สกลนคร*"),COUNTIF(B20,"*สตูล*"),COUNTIF(B20,"*หนองคาย*"),COUNTIF(B20,"*สุราษฎร์ธานี*"),COUNTIF(B20,"*ปัตตานี*")),2, IF(OR(COUNTIF(B20,"*ตราด*"),COUNTIF(B20,"*นครพนม*"),COUNTIF(B20,"*นครศรีธรรมราช*"),COUNTIF(B20,"*นราธิวาส*"),COUNTIF(B20,"*บึงกาฬ*"),COUNTIF(B20,"*พังงา*"),COUNTIF(B20,"*ระนอง*"),COUNTIF(B20,"*สงขลา*")),4,0)) -> 0 | AM20: =_xlfn.XLOOKUP(group_data_final[[#This Row],[depot_code]],C:C,แผน68!D:D) -> 43935647 | AN20: 6936.2
A21: สำนักงานทางหลวงที่ 15 (ประจวบคีรีขันธ์) | B21: ขท.ราชบุรี | C21: 335 | D21: {=_xlfn.LET(_xlpm.result,INDEX(ระยะทาง!C:C, MATCH(TRIM(C21), TRIM(ระยะทาง!$A:$A), 0)),IF(ISNUMBER(SEARCH("-", _xlpm.result)), 0, _xlpm.result))} -> 631.802 | E21: {=_xlfn.LET(_xlpm.result,INDEX(ระยะทาง!D:D, MATCH(TRIM($C21), TRIM(ระยะทาง!$A:$A), 0)),IF(ISNUMBER(SEARCH("-", _xlpm.result)), 0, _xlpm.result))} -> 2763952440 | F21: 460587578 | G21: 2.209 | H21: 136.813 | I21: 2 | J21: 8 | K21: 3.6 | L21: 3.536 | M21: 5 | N21: 29.245 | O21: 2 | P21: 6 | Q21: 4.75 | R21: 3.4375 | S21: 5 | T21: 0 | U21: 0 | V21: 90565 | W21: 6216.25 | X21: 1167.628 | Y21: 32936 | Z21: 26.385855 | AA21: 149.36671 | AB21: 0.044123985 | AC21: 10.703423 | AD21: =D21*'ราคาต้นทุน (Asset)'!$E$1 -> 37908120 | AE21: {=_xlfn.LET(_xlpm.result,INDEX(ASSET!U:U, MATCH(TRIM($C21), TRIM(ASSET!$A:$A), 0)),IF(ISNUMBER(SEARCH("-", _xlpm.result)), 0, _xlpm.result))} -> 5526100 | AF21: =group_data_final[[#This Row],[ค่าบำรุงจุดกางเต็นท์]]/300000 -> 0 | AG21: {=_xlfn.LET(_xlpm.result,INDEX(ราคาค่าบำรุง!D:D, MATCH(TRIM($C21), TRIM(ราคาค่าบำรุง!$A:$A), 0)),IF(ISNUMBER(SEARCH("-", _xlpm.result)), 0, _xlpm.result))} -> 0 | AH21: =group_data_final[[#This Row],[ค่าบำรุงจุดพักรถ]]/300000 -> 2 | AI21: {=_xlfn.LET(_xlpm.result,INDEX(ราคาค่าบำรุง!F:F, MATCH(TRIM($C21), TRIM(ราคาค่าบำรุง!$A:$A), 0)),IF(ISNUMBER(SEARCH("-", _xlpm.result)), 0, _xlpm.result))} -> 600000 | AJ21: =group_data_final[[#This Row],[ค่าบำรุงภูมิสถาปัตย์]]/300000 -> 1 | AK21: {=_xlfn.LET(_xlpm.result,INDEX(ราคาค่าบำรุง!H:H, MATCH(TRIM($C21), TRIM(ราคาค่าบำรุง!$A:$A), 0)),IF(ISNUMBER(SEARCH("-", _xlpm.result)), 0, _xlpm.result))} -> 300000 | AL21: =IF(OR(COUNTIF(B21,"*กระบี่*"),COUNTIF(B21,"*จันทบุรี*"),COUNTIF(B21,"*ชุมพร*"),COUNTIF(B21,"*เชียงราย*"),COUNTIF(B21,"*ตรัง*"),COUNTIF(B21,"*นครนายก*"),COUNTIF(B21,"*ปราจีนบุรี*"),COUNTIF(B21,"*พัทลุง*"),COUNTIF(B21,"*ภูเก็ต*"),COUNTIF(B21,"*ยะลา*"),COUNTIF(B21,"*สกลนคร*"),COUNTIF(B21,"*สตูล*"),COUNTIF(B21,"*หนองคาย*"),COUNTIF(B21,"*สุราษฎร์ธานี*"),COUNTIF(B21,"*ปัตตานี*")),2, IF(OR(COUNTIF(B21,"*ตราด*"),COUNTIF(B21,"*นครพนม*"),COUNTIF(B21,"*นครศรีธรรมราช*"),COUNTIF(B21,"*นราธิวาส*"),COUNTIF(B21,"*บึงกาฬ*"),COUNTIF(B21,"*พังงา*"),COUNTIF(B21,"*ระนอง*"),COUNTIF(B21,"*สงขลา*")),4,0)) -> 0 | AM21: =_xlfn.XLOOKUP(group_data_final[[#This Row],[depot_code]],C:C,แผน68!D:D) -> 2925773 | AN21: 9850
A22: สำนักงานทางหลวงที่ 15 (ประจวบคีรีขันธ์) | B22: ขท.นครปฐม | C22: 336 | D22: {=_xlfn.LET(_xlpm.result,INDEX(ระยะทาง!C:C, MATCH(TRIM(C22), TRIM(ระยะทาง!$A:$A), 0)),IF(ISNUMBER(SEARCH("-", _xlpm.result)), 0, _xlpm.result))} -> 600.327 | E22: {=_xlfn.LET(_xlpm.result,INDEX(ระยะทาง!D:D, MATCH(TRIM($C22), TRIM(ระยะทาง!$A:$A), 0)),IF(ISNUMBER(SEARCH("-", _xlpm.result)), 0, _xlpm.result))} -> 2439163877 | F22: 213101050 | G22: 3.443875 | H22: 167.708 | I22: 4 | J22: 8 | K22: 4.8 | L22: 3.5 | M22: 5 | N22: 209.74 | O22: 1 | P22: 10 | Q22: 5.375 | R22: 3.46875 | S22: 4.304 | T22: 0 | U22: 0 | V22: 265054.06 | W22: 3940 | X22: 93482.07 | Y22: 9719.188 | Z22: 6.5962978 | AA22: 2.1713018 | AB22: -0.012259916 | AC22: 4.7394353 | AD22: =D22*'ราคาต้นทุน (Asset)'!$E$1 -> 36019620 | AE22: {=_xlfn.LET(_xlpm.result,INDEX(ASSET!U:U, MATCH(TRIM($C22), TRIM(ASSET!$A:$A), 0)),IF(ISNUMBER(SEARCH("-", _xlpm.result)), 0, _xlpm.result))} -> 3809500 | AF22: =group_data_final[[#This Row],[ค่าบำรุงจุดกางเต็นท์]]/300000 -> 0 | AG22: {=_xlfn.LET(_xlpm.result,INDEX(ราคาค่าบำรุง!D:D, MATCH(TRIM($C22), TRIM(ราคาค่าบำรุง!$A:$A), 0)),IF(ISNUMBER(SEARCH("-", _xlpm.result)), 0, _xlpm.result))} -> 0 | AH22: =group_data_final[[#This Row],[ค่าบำรุงจุดพักรถ]]/300000 -> 3 | AI22: {=_xlfn.LET(_xlpm.result,INDEX(ราคาค่าบำรุง!F:F, MATCH(TRIM($C22), TRIM(ราคาค่าบำรุง!$A:$A), 0)),IF(ISNUMBER(SEARCH("-", _xlpm.result)), 0, _xlpm.result))} -> 900000 | AJ22: =group_data_final[[#This Row],[ค่าบำรุงภูมิสถาปัตย์]]/300000 -> 0 | AK22: {=_xlfn.LET(_xlpm.result,INDEX(ราคาค่าบำรุง!H:H, MATCH(TRIM($C22), TRIM(ราคาค่าบำรุง!$A:$A), 0)),IF(ISNUMBER(SEARCH("-", _xlpm.result)), 0, _xlpm.result))} -> 0 | AL22: =IF(OR(COUNTIF(B22,"*กระบี่*"),COUNTIF(B22,"*จันทบุรี*"),COUNTIF(B22,"*ชุมพร*"),COUNTIF(B22,"*เชียงราย*"),COUNTIF(B22,"*ตรัง*"),COUNTIF(B22,"*นครนายก*"),COUNTIF(B22,"*ปราจีนบุรี*"),COUNTIF(B22,"*พัทลุง*"),COUNTIF(B22,"*ภูเก็ต*"),COUNTIF(B22,"*ยะลา*"),COUNTIF(B22,"*สกลนคร*"),COUNTIF(B22,"*สตูล*"),COUNTIF(B22,"*หนองคาย*"),COUNTIF(B22,"*สุราษฎร์ธานี*"),COUNTIF(B22,"*ปัตตานี*")),2, IF(OR(COUNTIF(B22,"*ตราด*"),COUNTIF(B22,"*นครพนม*"),COUNTIF(B22,"*นครศรีธรรมราช*"),COUNTIF(B22,"*นราธิวาส*"),COUNTIF(B22,"*บึงกาฬ*"),COUNTIF(B22,"*พังงา*"),COUNTIF(B22,"*ระนอง*"),COUNTIF(B22,"*สงขลา*")),4,0)) -> 0 | AM22: =_xlfn.XLOOKUP(group_data_final[[#This Row],[depot_code]],C:C,แผน68!D:D) -> 14895310 | AN22: 9966.1
A23: สำนักงานทางหลวงที่ 15 (ประจวบคีรีขันธ์) | B23: ขท.สมุทรสงคราม | C23: 337 | D23: {=_xlfn.LET(_xlpm.result,INDEX(ระยะทาง!C:C, MATCH(TRIM(C23), TRIM(ระยะทาง!$A:$A), 0)),IF(ISNUMBER(SEARCH("-", _xlpm.result)), 0, _xlpm.result))} -> 527.11 | E23: {=_xlfn.LET(_xlpm.result,INDEX(ระยะทาง!D:D, MATCH(TRIM($C23), TRIM(ระยะทาง!$A:$A), 0)),IF(ISNUMBER(SEARCH("-", _xlpm.result)), 0, _xlpm.result))} -> 2463770612 | F23: 327730651 | G23: 2.0636667 | H23: 216.4 | I23: 1 | J23: 6 | K23: 3.6666667 | L23: 3.5 | M23: 5 | N23: 3.089 | O23: 2 | P23: 6 | Q23: 4 | R23: 3.3333333 | S23: 3.5 | T23: 0 | U23: 0 | V23: 25598.18 | W23: 3061 | X23: 82989.68 | Y23: 1202 | Z23: 18.751491 | AA23: 405.35033 | AB23: -0.070955345 | AC23: 9.3241965 | AD23: =D23*'ราคาต้นทุน (Asset)'!$E$1 -> 31626600 | AE23: {=_xlfn.LET(_xlpm.result,INDEX(ASSET!U:U, MATCH(TRIM($C23), TRIM(ASSET!$A:$A), 0)),IF(ISNUMBER(SEARCH("-", _xlpm.result)), 0, _xlpm.result))} -> 2678700 | AF23: =group_data_final[[#This Row],[ค่าบำรุงจุดกางเต็นท์]]/300000 -> 0 | AG23: {=_xlfn.LET(_xlpm.result,INDEX(ราคาค่าบำรุง!D:D, MATCH(TRIM($C23), TRIM(ราคาค่าบำรุง!$A:$A), 0)),IF(ISNUMBER(SEARCH("-", _xlpm.result)), 0, _xlpm.result))} -> 0 | AH23: =group_data_final[[#This Row],[ค่าบำรุงจุดพักรถ]]/300000 -> 1 | AI23: {=_xlfn.LET(_xlpm.result,INDEX(ราคาค่าบำรุง!F:F, MATCH(TRIM($C23), TRIM(ราคาค่าบำรุง!$A:$A), 0)),IF(ISNUMBER(SEARCH("-", _xlpm.result)), 0, _xlpm.result))} -> 300000 | AJ23: =group_data_final[[#This Row],[ค่าบำรุงภูมิสถาปัตย์]]/300000 -> 0 | AK23: {=_xlfn.LET(_xlpm.result,INDEX(ราคาค่าบำรุง!H:H, MATCH(TRIM($C23), TRIM(ราคาค่าบำรุง!$A:$A), 0)),IF(ISNUMBER(SEARCH("-", _xlpm.result)), 0, _xlpm.result))} -> 0 | AL23: =IF(OR(COUNTIF(B23,"*กระบี่*"),COUNTIF(B23,"*จันทบุรี*"),COUNTIF(B23,"*ชุมพร*"),COUNTIF(B23,"*เชียงราย*"),COUNTIF(B23,"*ตรัง*"),COUNTIF(B23,"*นครนายก*"),COUNTIF(B23,"*ปราจีนบุรี*"),COUNTIF(B23,"*พัทลุง*"),COUNTIF(B23,"*ภูเก็ต*"),COUNTIF(B23,"*ยะลา*"),COUNTIF(B23,"*สกลนคร*"),COUNTIF(B23,"*สตูล*"),COUNTIF(B23,"*หนองคาย*"),COUNTIF(B23,"*สุราษฎร์ธานี*"),COUNTIF(B23,"*ปัตตานี*")),2, IF(OR(COUNTIF(B23,"*ตราด*"),COUNTIF(B23,"*นครพนม*"),COUNTIF(B23,"*นครศรีธรรมราช*"),COUNTIF(B23,"*นราธิวาส*"),COUNTIF(B23,"*บึงกาฬ*"),COUNTIF(B23,"*พังงา*"),COUNTIF(B23,"*ระนอง*"),COUNTIF(B23,"*สงขลา*")),4,0)) -> 0 | AM23: =_xlfn.XLOOKUP(group_data_final[[#This Row],[depot_code]],C:C,แผน68!D:D) -> 18362201 | AN23: 11938.45
A24: สำนักงานทางหลวงที่ 15 (ประจวบคีรีขันธ์) | B24: ขท.เพชรบุรี | C24: 338 | D24: {=_xlfn.LET(_xlpm.result,INDEX(ระยะทาง!C:C, MATCH(TRIM(C24), TRIM(ระยะทาง!$A:$A), 0)),IF(ISNUMBER(SEARCH("-", _xlpm.result)), 0, _xlpm.result))} -> 711.869 | E24: {=_xlfn.LET(_xlpm.result,INDEX(ระยะทาง!D:D, MATCH(TRIM($C24), TRIM(ระยะทาง!$A:$A), 0)),IF(ISNUMBER(SEARCH("-", _xlpm.result)), 0, _xlpm.result))} -> 1434933767 | F24: 373691851 | G24: 2.1635 | H24: 395.896 | I24: 2 | J24: 6 | K24: 3 | L24: 5.5 | M24: 5 | N24: 12.129 | O24: 2 | P24: 6 | Q24: 3.75 | R24: 4.5595 | S24: 4.889 | T24: 0 | U24: 0 | V24: 22623.65 | W24: 18739.1 | X24: 40715.391 | Y24: 31114 | Z24: 60.201237 | AA24: 337.69282 | AB24: -0.050340711 | AC24: 10.221809 | AD24: =D24*'ราคาต้นทุน (Asset)'!$E$1 -> 42712140 | AE24: {=_xlfn.LET(_xlpm.result,INDEX(ASSET!U:U, MATCH(TRIM($C24), TRIM(ASSET!$A:$A), 0)),IF(ISNUMBER(SEARCH("-", _xlpm.result)), 0, _xlpm.result))} -> 3795800 | AF24: =group_data_final[[#This Row],[ค่าบำรุงจุดกางเต็นท์]]/300000 -> 0 | AG24: {=_xlfn.LET(_xlpm.result,INDEX(ราคาค่าบำรุง!D:D, MATCH(TRIM($C24), TRIM(ราคาค่าบำรุง!$A:$A), 0)),IF(ISNUMBER(SEARCH("-", _xlpm.result)), 0, _xlpm.result))} -> 0 | AH24: =group_data_final[[#This Row],[ค่าบำรุงจุดพักรถ]]/300000 -> 1 | AI24: {=_xlfn.LET(_xlpm.result,INDEX(ราคาค่าบำรุง!F:F, MATCH(TRIM($C24), TRIM(ราคาค่าบำรุง!$A:$A), 0)),IF(ISNUMBER(SEARCH("-", _xlpm.result)), 0, _xlpm.result))} -> 300000 | AJ24: =group_data_final[[#This Row],[ค่าบำรุงภูมิสถาปัตย์]]/300000 -> 0 | AK24: {=_xlfn.LET(_xlpm.result,INDEX(ราคาค่าบำรุง!H:H, MATCH(TRIM($C24), TRIM(ราคาค่าบำรุง!$A:$A), 0)),IF(ISNUMBER(SEARCH("-", _xlpm.result)), 0, _xlpm.result))} -> 0 | AL24: =IF(OR(COUNTIF(B24,"*กระบี่*"),COUNTIF(B24,"*จันทบุรี*"),COUNTIF(B24,"*ชุมพร*"),COUNTIF(B24,"*เชียงราย*"),COUNTIF(B24,"*ตรัง*"),COUNTIF(B24,"*นครนายก*"),COUNTIF(B24,"*ปราจีนบุรี*"),COUNTIF(B24,"*พัทลุง*"),COUNTIF(B24,"*ภูเก็ต*"),COUNTIF(B24,"*ยะลา*"),COUNTIF(B24,"*สกลนคร*"),COUNTIF(B24,"*สตูล*"),COUNTIF(B24,"*หนองคาย*"),COUNTIF(B24,"*สุราษฎร์ธานี*"),COUNTIF(B24,"*ปัตตานี*")),2, IF(OR(COUNTIF(B24,"*ตราด*"),COUNTIF(B24,"*นครพนม*"),COUNTIF(B24,"*นครศรีธรรมราช*"),COUNTIF(B24,"*นราธิวาส*"),COUNTIF(B24,"*บึงกาฬ*"),COUNTIF(B24,"*พังงา*"),COUNTIF(B24,"*ระนอง*"),COUNTIF(B24,"*สงขลา*")),4,0)) -> 0 | AM24: =_xlfn.XLOOKUP(group_data_final[[#This Row],[depot_code]],C:C,แผน68!D:D) -> 23268968 | AN24: 9546.911
A25: สำนักงานทางหลวงที่ 13 (กรุงเทพ) | B25: ขท.กรุงเทพ | C25: 411 | D25: {=_xlfn.LET(_xlpm.result,INDEX(ระยะทาง!C:C, MATCH(TRIM(C25), TRIM(ระยะทาง!$A:$A), 0)),IF(ISNUMBER(SEARCH("-", _xlpm.result)), 0, _xlpm.result))} -> 566.444 | E25: {=_xlfn.LET(_xlpm.result,INDEX(ระยะทาง!D:D, MATCH(TRIM($C25), TRIM(ระยะทาง!$A:$A), 0)),IF(ISNUMBER(SEARCH("-", _xlpm.result)), 0, _xlpm.result))} -> 7519309714 | F25: 452053776 | G25: 3.4143846 | H25: 140.483 | I25: 1 | J25: 12 | K25: 7.125 | L25: 3.5 | M25: 7.4 | N25: 272.999 | O25: 2 | P25: 18 | Q25: 7 | R25: 3.4655 | S25: 5.69825 | T25: 13750 | U25: 0 | V25: 310071.32 | W25: 106000.9 | X25: 74971.627 | Y25: 47034.899 | Z25: 65.16011 | AA25: 1402.7974 | AB25: 0.092167562 | AC25: 26.720262 | AD25: =D25*'ราคาต้นทุน (Asset)'!$E$1 -> 33986640 | AE25: {=_xlfn.LET(_xlpm.result,INDEX(ASSET!U:U, MATCH(TRIM($C25), TRIM(ASSET!$A:$A), 0)),IF(ISNUMBER(SEARCH("-", _xlpm.result)), 0, _xlpm.result))} -> 5661600 | AF25: =group_data_final[[#This Row],[ค่าบำรุงจุดกางเต็นท์]]/300000 -> 0 | AG25: {=_xlfn.LET(_xlpm.result,INDEX(ราคาค่าบำรุง!D:D, MATCH(TRIM($C25), TRIM(ราคาค่าบำรุง!$A:$A), 0)),IF(ISNUMBER(SEARCH("-", _xlpm.result)), 0, _xlpm.result))} -> 0 | AH25: =group_data_final[[#This Row],[ค่าบำรุงจุดพักรถ]]/300000 -> 0 | AI25: {=_xlfn.LET(_xlpm.result,INDEX(ราคาค่าบำรุง!F:F, MATCH(TRIM($C25), TRIM(ราคาค่าบำรุง!$A:$A), 0)),IF(ISNUMBER(SEARCH("-", _xlpm.result)), 0, _xlpm.result))} -> 0 | AJ25: =group_data_final[[#This Row],[ค่าบำรุงภูมิสถาปัตย์]]/300000 -> 0 | AK25: {=_xlfn.LET(_xlpm.result,INDEX(ราคาค่าบำรุง!H:H, MATCH(TRIM($C25), TRIM(ราคาค่าบำรุง!$A:$A), 0)),IF(ISNUMBER(SEARCH("-", _xlpm.result)), 0, _xlpm.result))} -> 0 | AL25: =IF(OR(COUNTIF(B25,"*กระบี่*"),COUNTIF(B25,"*จันทบุรี*"),COUNTIF(B25,"*ชุมพร*"),COUNTIF(B25,"*เชียงราย*"),COUNTIF(B25,"*ตรัง*"),COUNTIF(B25,"*นครนายก*"),COUNTIF(B25,"*ปราจีนบุรี*"),COUNTIF(B25,"*พัทลุง*"),COUNTIF(B25,"*ภูเก็ต*"),COUNTIF(B25,"*ยะลา*"),COUNTIF(B25,"*สกลนคร*"),COUNTIF(B25,"*สตูล*"),COUNTIF(B25,"*หนองคาย*"),COUNTIF(B25,"*สุราษฎร์ธานี*"),COUNTIF(B25,"*ปัตตานี*")),2, IF(OR(COUNTIF(B25,"*ตราด*"),COUNTIF(B25,"*นครพนม*"),COUNTIF(B25,"*นครศรีธรรมราช*"),COUNTIF(B25,"*นราธิวาส*"),COUNTIF(B25,"*บึงกาฬ*"),COUNTIF(B25,"*พังงา*"),COUNTIF(B25,"*ระนอง*"),COUNTIF(B25,"*สงขลา*")),4,0)) -> 0 | AM25: =_xlfn.XLOOKUP(group_data_final[[#This Row],[depot_code]],C:C,แผน68!D:D) -> 28246563 | AN25: 33899.956
A26: สำนักงานทางหลวงที่ 13 (กรุงเทพ) | B26: ขท.อยุธยา | C26: 413 | D26: {=_xlfn.LET(_xlpm.result,INDEX(ระยะทาง!C:C, MATCH(TRIM(C26), TRIM(ระยะทาง!$A:$A), 0)),IF(ISNUMBER(SEARCH("-", _xlpm.result)), 0, _xlpm.result))} -> 915.242 | E26: {=_xlfn.LET(_xlpm.result,INDEX(ระยะทาง!D:D, MATCH(TRIM($C26), TRIM(ระยะทาง!$A:$A), 0)),IF(ISNUMBER(SEARCH("-", _xlpm.result)), 0, _xlpm.result))} -> 1318106863 | F26: 236324562 | G26: 2.8519474 | H26: 338.72 | I26: 2 | J26: 10 | K26: 4.2666667 | L26: 3.583 | M26: 5 | N26: 355.73 | O26: 1 | P26: 10 | Q26: 3.75 | R26: 3.8746667 | S26: 3.9500909 | T26: 0 | U26: 0 | V26: 13275 | W26: 0 | X26: 25771.168 | Y26: 23.497 | Z26: 6.5656053 | AA26: 1.3719488 | AB26: 0.010495491 | AC26: 6.2973561 | AD26: =D26*'ราคาต้นทุน (Asset)'!$E$1 -> 54914520 | AE26: {=_xlfn.LET(_xlpm.result,INDEX(ASSET!U:U, MATCH(TRIM($C26), TRIM(ASSET!$A:$A), 0)),IF(ISNUMBER(SEARCH("-", _xlpm.result)), 0, _xlpm.result))} -> 3663400 | AF26: =group_data_final[[#This Row],[ค่าบำรุงจุดกางเต็นท์]]/300000 -> 1 | AG26: {=_xlfn.LET(_xlpm.result,INDEX(ราคาค่าบำรุง!D:D, MATCH(TRIM($C26), TRIM(ราคาค่าบำรุง!$A:$A), 0)),IF(ISNUMBER(SEARCH("-", _xlpm.result)), 0, _xlpm.result))} -> 300000 | AH26: =group_data_final[[#This Row],[ค่าบำรุงจุดพักรถ]]/300000 -> 0 | AI26: {=_xlfn.LET(_xlpm.result,INDEX(ราคาค่าบำรุง!F:F, MATCH(TRIM($C26), TRIM(ราคาค่าบำรุง!$A:$A), 0)),IF(ISNUMBER(SEARCH("-", _xlpm.result)), 0, _xlpm.result))} -> 0 | AJ26: =group_data_final[[#This Row],[ค่าบำรุงภูมิสถาปัตย์]]/300000 -> 0 | AK26: {=_xlfn.LET(_xlpm.result,INDEX(ราคาค่าบำรุง!H:H, MATCH(TRIM($C26), TRIM(ราคาค่าบำรุง!$A:$A), 0)),IF(ISNUMBER(SEARCH("-", _xlpm.result)), 0, _xlpm.result))} -> 0 | AL26: =IF(OR(COUNTIF(B26,"*กระบี่*"),COUNTIF(B26,"*จันทบุรี*"),COUNTIF(B26,"*ชุมพร*"),COUNTIF(B26,"*เชียงราย*"),COUNTIF(B26,"*ตรัง*"),COUNTIF(B26,"*นครนายก*"),COUNTIF(B26,"*ปราจีนบุรี*"),COUNTIF(B26,"*พัทลุง*"),COUNTIF(B26,"*ภูเก็ต*"),COUNTIF(B26,"*ยะลา*"),COUNTIF(B26,"*สกลนคร*"),COUNTIF(B26,"*สตูล*"),COUNTIF(B26,"*หนองคาย*"),COUNTIF(B26,"*สุราษฎร์ธานี*"),COUNTIF(B26,"*ปัตตานี*")),2, IF(OR(COUNTIF(B26,"*ตราด*"),COUNTIF(B26,"*นครพนม*"),COUNTIF(B26,"*นครศรีธรรมราช*"),COUNTIF(B26,"*นราธิวาส*"),COUNTIF(B26,"*บึงกาฬ*"),COUNTIF(B26,"*พังงา*"),COUNTIF(B26,"*ระนอง*"),COUNTIF(B26,"*สงขลา*")),4,0)) -> 0 | AM26: =_xlfn.XLOOKUP(group_data_final[[#This Row],[depot_code]],C:C,แผน68!D:D) -> 17901066 | AN26: 28840.904
A27: สำนักงานทางหลวงที่ 13 (กรุงเทพ) | B27: ขท.นครนายก | C27: 414 | D27: {=_xlfn.LET(_xlpm.result,INDEX(ระยะทาง!C:C, MATCH(TRIM(C27), TRIM(ระยะทาง!$A:$A), 0)),IF(ISNUMBER(SEARCH("-", _xlpm.result)), 0, _xlpm.result))} -> 554.83 | E27: {=_xlfn.LET(_xlpm.result,INDEX(ระยะทาง!D:D, MATCH(TRIM($C27), TRIM(ระยะทาง!$A:$A), 0)),IF(ISNUMBER(SEARCH("-", _xlpm.result)), 0, _xlpm.result))} -> 3638326568 | F27: 129670330 | G27: 2.9063636 | H27: 277.158 | I27: 1 | J27: 8 | K27: 4.0909091 | L27: 3.5 | M27: 5 | N27: 13.347 | O27: 2 | P27: 6 | Q27: 4.4285714 | R27: 3.5 | S27: 4.6666667 | T27: 63300 | U27: 0 | V27: 73682.8 | W27: 8464 | X27: 76685.97 | Y27: 76422.56 | Z27: 17.959512 | AA27: 58.646828 | AB27: 0.14803003 | AC27: 14.140238 | AD27: =D27*'ราคาต้นทุน (Asset)'!$E$1 -> 33289800 | AE27: {=_xlfn.LET(_xlpm.result,INDEX(ASSET!U:U, MATCH(TRIM($C27), TRIM(ASSET!$A:$A), 0)),IF(ISNUMBER(SEARCH("-", _xlpm.result)), 0, _xlpm.result))} -> 3614600 | AF27: =group_data_final[[#This Row],[ค่าบำรุงจุดกางเต็นท์]]/300000 -> 1 | AG27: {=_xlfn.LET(_xlpm.result,INDEX(ราคาค่าบำรุง!D:D, MATCH(TRIM($C27), TRIM(ราคาค่าบำรุง!$A:$A), 0)),IF(ISNUMBER(SEARCH("-", _xlpm.result)), 0, _xlpm.result))} -> 300000 | AH27: =group_data_final[[#This Row],[ค่าบำรุงจุดพักรถ]]/300000 -> 1 | AI27: {=_xlfn.LET(_xlpm.result,INDEX(ราคาค่าบำรุง!F:F, MATCH(TRIM($C27), TRIM(ราคาค่าบำรุง!$A:$A), 0)),IF(ISNUMBER(SEARCH("-", _xlpm.result)), 0, _xlpm.result))} -> 300000 | AJ27: =group_data_final[[#This Row],[ค่าบำรุงภูมิสถาปัตย์]]/300000 -> 3 | AK27: {=_xlfn.LET(_xlpm.result,INDEX(ราคาค่าบำรุง!H:H, MATCH(TRIM($C27), TRIM(ราคาค่าบำรุง!$A:$A), 0)),IF(ISNUMBER(SEARCH("-", _xlpm.result)), 0, _xlpm.result))} -> 900000 | AL27: =IF(OR(COUNTIF(B27,"*กระบี่*"),COUNTIF(B27,"*จันทบุรี*"),COUNTIF(B27,"*ชุมพร*"),COUNTIF(B27,"*เชียงราย*"),COUNTIF(B27,"*ตรัง*"),COUNTIF(B27,"*นครนายก*"),COUNTIF(B27,"*ปราจีนบุรี*"),COUNTIF(B27,"*พัทลุง*"),COUNTIF(B27,"*ภูเก็ต*"),COUNTIF(B27,"*ยะลา*"),COUNTIF(B27,"*สกลนคร*"),COUNTIF(B27,"*สตูล*"),COUNTIF(B27,"*หนองคาย*"),COUNTIF(B27,"*สุราษฎร์ธานี*"),COUNTIF(B27,"*ปัตตานี*")),2, IF(OR(COUNTIF(B27,"*ตราด*"),COUNTIF(B27,"*นครพนม*"),COUNTIF(B27,"*นครศรีธรรมราช*"),COUNTIF(B27,"*นราธิวาส*"),COUNTIF(B27,"*บึงกาฬ*"),COUNTIF(B27,"*พังงา*"),COUNTIF(B27,"*ระนอง*"),COUNTIF(B27,"*สงขลา*")),4,0)) -> 2 | AM27: =_xlfn.XLOOKUP(group_data_final[[#This Row],[depot_code]],C:C,แผน68!D:D) -> 22150560 | AN27: 11004.597
A28: สำนักงานทางหลวงที่ 13 (กรุงเทพ) | B28: ขท.สมุทรสาคร | C28: 415 | D28: {=_xlfn.LET(_xlpm.result,INDEX(ระยะทาง!C:C, MATCH(TRIM(C28), TRIM(ระยะทาง!$A:$A), 0)),IF(ISNUMBER(SEARCH("-", _xlpm.result)), 0, _xlpm.result))} -> 574.743 | E28: {=_xlfn.LET(_xlpm.result,INDEX(ระยะทาง!D:D, MATCH(TRIM($C28), TRIM(ระยะทาง!$A:$A), 0)),IF(ISNUMBER(SEARCH("-", _xlpm.result)), 0, _xlpm.result))} -> 6055682425 | F28: 150872279 | G28: 2.7894444 | H28: 433.591 | I28: 1 | J28: 8 | K28: 4.625 | L28: 3.563 | M28: 6 | N28: 106.974 | O28: 2 | P28: 8 | Q28: 4.4285714 | R28: 3.5 | S28: 6.0562 | T28: 0 | U28: 0 | V28: 1048293 | W28: 163800.9 | X28: 120014.42 | Y28: 187397.48 | Z28: 3.8779817 | AA28: 1.1596769 | AB28: 0.020321213 | AC28: 6.9702636 | AD28: =D28*'ราคาต้นทุน (Asset)'!$E$1 -> 34484580 | AE28: {=_xlfn.LET(_xlpm.result,INDEX(ASSET!U:U, MATCH(TRIM($C28), TRIM(ASSET!$A:$A), 0)),IF(ISNUMBER(SEARCH("-", _xlpm.result)), 0, _xlpm.result))} -> 5136300 | AF28: =group_data_final[[#This Row],[ค่าบำรุงจุดกางเต็นท์]]/300000 -> 0 | AG28: {=_xlfn.LET(_xlpm.result,INDEX(ราคาค่าบำรุง!D:D, MATCH(TRIM($C28), TRIM(ราคาค่าบำรุง!$A:$A), 0)),IF(ISNUMBER(SEARCH("-", _xlpm.result)), 0, _xlpm.result))} -> 0 | AH28: =group_data_final[[#This Row],[ค่าบำรุงจุดพักรถ]]/300000 -> 0 | AI28: {=_xlfn.LET(_xlpm.result,INDEX(ราคาค่าบำรุง!F:F, MATCH(TRIM($C28), TRIM(ราคาค่าบำรุง!$A:$A), 0)),IF(ISNUMBER(SEARCH("-", _xlpm.result)), 0, _xlpm.result))} -> 0 | AJ28: =group_data_final[[#This Row],[ค่าบำรุงภูมิสถาปัตย์]]/300000 -> 1 | AK28: {=_xlfn.LET(_xlpm.result,INDEX(ราคาค่าบำรุง!H:H, MATCH(TRIM($C28), TRIM(ราคาค่าบำรุง!$A:$A), 0)),IF(ISNUMBER(SEARCH("-", _xlpm.result)), 0, _xlpm.result))} -> 300000 | AL28: =IF(OR(COUNTIF(B28,"*กระบี่*"),COUNTIF(B28,"*จันทบุรี*"),COUNTIF(B28,"*ชุมพร*"),COUNTIF(B28,"*เชียงราย*"),COUNTIF(B28,"*ตรัง*"),COUNTIF(B28,"*นครนายก*"),COUNTIF(B28,"*ปราจีนบุรี*"),COUNTIF(B28,"*พัทลุง*"),COUNTIF(B28,"*ภูเก็ต*"),COUNTIF(B28,"*ยะลา*"),COUNTIF(B28,"*สกลนคร*"),COUNTIF(B28,"*สตูล*"),COUNTIF(B28,"*หนองคาย*"),COUNTIF(B28,"*สุราษฎร์ธานี*"),COUNTIF(B28,"*ปัตตานี*")),2, IF(OR(COUNTIF(B28,"*ตราด*"),COUNTIF(B28,"*นครพนม*"),COUNTIF(B28,"*นครศรีธรรมราช*"),COUNTIF(B28,"*นราธิวาส*"),COUNTIF(B28,"*บึงกาฬ*"),COUNTIF(B28,"*พังงา*"),COUNTIF(B28,"*ระนอง*"),COUNTIF(B28,"*สงขลา*")),4,0)) -> 0 | AM28: =_xlfn.XLOOKUP(group_data_final[[#This Row],[depot_code]],C:C,แผน68!D:D) -> 7450616 | AN28: 22085.926
A29: สำนักงานทางหลวงที่ 13 (กรุงเทพ) | B29: ขท.ปทุมธานี | C29: 416 | D29: {=_xlfn.LET(_xlpm.result,INDEX(ระยะทาง!C:C, MATCH(TRIM(C29), TRIM(ระยะทาง!$A:$A), 0)),IF(ISNUMBER(SEARCH("-", _xlpm.result)), 0, _xlpm.result))} -> 623.469 | E29: {=_xlfn.LET(_xlpm.result,INDEX(ระยะทาง!D:D, MATCH(TRIM($C29), TRIM(ระยะทาง!$A:$A), 0)),IF(ISNUMBER(SEARCH("-", _xlpm.result)), 0, _xlpm.result))} -> 2556577365 | F29: 83657604 | G29: 3.3057778 | H29: 223.897 | I29: 2 | J29: 10 | K29: 6.6666667 | L29: 3.5 | M29: 9 | N29: 99.403 | O29: 1 | P29: 10 | Q29: 5.3333333 | R29: 3.4583333 | S29: 5.0056667 | T29: 0 | U29: 0 | V29: 142669 | W29: 35905.8 | X29: 18181.375 | Y29: 35648 | Z29: 4.5291422 | AA29: 2.8799725 | AB29: -0.0026588476 | AC29: 12.188031 | AD29: =D29*'ราคาต้นทุน (Asset)'!$E$1 -> 37408140 | AE29: {=_xlfn.LET(_xlpm.result,INDEX(ASSET!U:U, MATCH(TRIM($C29), TRIM(ASSET!$A:$A), 0)),IF(ISNUMBER(SEARCH("-", _xlpm.result)), 0, _xlpm.result))} -> 3587700 | AF29: =group_data_final[[#This Row],[ค่าบำรุงจุดกางเต็นท์]]/300000 -> 0 | AG29: {=_xlfn.LET(_xlpm.result,INDEX(ราคาค่าบำรุง!D:D, MATCH(TRIM($C29), TRIM(ราคาค่าบำรุง!$A:$A), 0)),IF(ISNUMBER(SEARCH("-", _xlpm.result)), 0, _xlpm.result))} -> 0 | AH29: =group_data_final[[#This Row],[ค่าบำรุงจุดพักรถ]]/300000 -> 2 | AI29: {=_xlfn.LET(_xlpm.result,INDEX(ราคาค่าบำรุง!F:F, MATCH(TRIM($C29), TRIM(ราคาค่าบำรุง!$A:$A), 0)),IF(ISNUMBER(SEARCH("-", _xlpm.result)), 0, _xlpm.result))} -> 600000 | AJ29: =group_data_final[[#This Row],[ค่าบำรุงภูมิสถาปัตย์]]/300000 -> 3 | AK29: {=_xlfn.LET(_xlpm.result,INDEX(ราคาค่าบำรุง!H:H, MATCH(TRIM($C29), TRIM(ราคาค่าบำรุง!$A:$A), 0)),IF(ISNUMBER(SEARCH("-", _xlpm.result)), 0, _xlpm.result))} -> 900000 | AL29: =IF(OR(COUNTIF(B29,"*กระบี่*"),COUNTIF(B29,"*จันทบุรี*"),COUNTIF(B29,"*ชุมพร*"),COUNTIF(B29,"*เชียงราย*"),COUNTIF(B29,"*ตรัง*"),COUNTIF(B29,"*นครนายก*"),COUNTIF(B29,"*ปราจีนบุรี*"),COUNTIF(B29,"*พัทลุง*"),COUNTIF(B29,"*ภูเก็ต*"),COUNTIF(B29,"*ยะลา*"),COUNTIF(B29,"*สกลนคร*"),COUNTIF(B29,"*สตูล*"),COUNTIF(B29,"*หนองคาย*"),COUNTIF(B29,"*สุราษฎร์ธานี*"),COUNTIF(B29,"*ปัตตานี*")),2, IF(OR(COUNTIF(B29,"*ตราด*"),COUNTIF(B29,"*นครพนม*"),COUNTIF(B29,"*นครศรีธรรมราช*"),COUNTIF(B29,"*นราธิวาส*"),COUNTIF(B29,"*บึงกาฬ*"),COUNTIF(B29,"*พังงา*"),COUNTIF(B29,"*ระนอง*"),COUNTIF(B29,"*สงขลา*")),4,0)) -> 0 | AM29: =_xlfn.XLOOKUP(group_data_final[[#This Row],[depot_code]],C:C,แผน68!D:D) -> 94847495 | AN29: 37936.272
A30: สำนักงานทางหลวงที่ 13 (กรุงเทพ) | B30: ขท.สมุทรปราการ | C30: 417 | D30: {=_xlfn.LET(_xlpm.result,INDEX(ระยะทาง!C:C, MATCH(TRIM(C30), TRIM(ระยะทาง!$A:$A), 0)),IF(ISNUMBER(SEARCH("-", _xlpm.result)), 0, _xlpm.result))} -> 744.578 | E30: {=_xlfn.LET(_xlpm.result,INDEX(ระยะทาง!D:D, MATCH(TRIM($C30), TRIM(ระยะทาง!$A:$A), 0)),IF(ISNUMBER(SEARCH("-", _xlpm.result)), 0, _xlpm.result))} -> 1947250357 | F30: 106013166 | G30: 3.3627273 | H30: 416.785 | I30: 1 | J30: 13 | K30: 6 | L30: 3.5 | M30: 8.123 | N30: 128.397 | O30: 1 | P30: 11 | Q30: 6.2857143 | R30: 3.3821429 | S30: 6.012 | T30: 0 | U30: 0 | V30: 539832 | W30: 58734 | X30: 178634.35 | Y30: 160173 | Z30: 25.995936 | AA30: 597.24281 | AB30: 0.28740084 | AC30: 33.325214 | AD30: =D30*'ราคาต้นทุน (Asset)'!$E$1 -> 44674680 | AE30: {=_xlfn.LET(_xlpm.result,INDEX(ASSET!U:U, MATCH(TRIM($C30), TRIM(ASSET!$A:$A), 0)),IF(ISNUMBER(SEARCH("-", _xlpm.result)), 0, _xlpm.result))} -> 5284400 | AF30: =group_data_final[[#This Row],[ค่าบำรุงจุดกางเต็นท์]]/300000 -> 0 | AG30: {=_xlfn.LET(_xlpm.result,INDEX(ราคาค่าบำรุง!D:D, MATCH(TRIM($C30), TRIM(ราคาค่าบำรุง!$A:$A), 0)),IF(ISNUMBER(SEARCH("-", _xlpm.result)), 0, _xlpm.result))} -> 0 | AH30: =group_data_final[[#This Row],[ค่าบำรุงจุดพักรถ]]/300000 -> 2 | AI30: {=_xlfn.LET(_xlpm.result,INDEX(ราคาค่าบำรุง!F:F, MATCH(TRIM($C30), TRIM(ราคาค่าบำรุง!$A:$A), 0)),IF(ISNUMBER(SEARCH("-", _xlpm.result)), 0, _xlpm.result))} -> 600000 | AJ30: =group_data_final[[#This Row],[ค่าบำรุงภูมิสถาปัตย์]]/300000 -> 0 | AK30: {=_xlfn.LET(_xlpm.result,INDEX(ราคาค่าบำรุง!H:H, MATCH(TRIM($C30), TRIM(ราคาค่าบำรุง!$A:$A), 0)),IF(ISNUMBER(SEARCH("-", _xlpm.result)), 0, _xlpm.result))} -> 0 | AL30: =IF(OR(COUNTIF(B30,"*กระบี่*"),COUNTIF(B30,"*จันทบุรี*"),COUNTIF(B30,"*ชุมพร*"),COUNTIF(B30,"*เชียงราย*"),COUNTIF(B30,"*ตรัง*"),COUNTIF(B30,"*นครนายก*"),COUNTIF(B30,"*ปราจีนบุรี*"),COUNTIF(B30,"*พัทลุง*"),COUNTIF(B30,"*ภูเก็ต*"),COUNTIF(B30,"*ยะลา*"),COUNTIF(B30,"*สกลนคร*"),COUNTIF(B30,"*สตูล*"),COUNTIF(B30,"*หนองคาย*"),COUNTIF(B30,"*สุราษฎร์ธานี*"),COUNTIF(B30,"*ปัตตานี*")),2, IF(OR(COUNTIF(B30,"*ตราด*"),COUNTIF(B30,"*นครพนม*"),COUNTIF(B30,"*นครศรีธรรมราช*"),COUNTIF(B30,"*นราธิวาส*"),COUNTIF(B30,"*บึงกาฬ*"),COUNTIF(B30,"*พังงา*"),COUNTIF(B30,"*ระนอง*"),COUNTIF(B30,"*สงขลา*")),4,0)) -> 0 | AM30: =_xlfn.XLOOKUP(group_data_final[[#This Row],[depot_code]],C:C,แผน68!D:D) -> 17975961 | AN30: 32991.05
... A41: สำนักงานทางหลวงที่ 11 (ลพบุรี) | B41: ขท.สิงห์บุรี | C41: 433 | D41: {=_xlfn.LET(_xlpm.result,INDEX(ระยะทาง!C:C, MATCH(TRIM(C41), TRIM(ระยะทาง!$A:$A), 0)),IF(ISNUMBER(SEARCH("-", _xlpm.result)), 0, _xlpm.result))} -> 585.395 | E41: {=_xlfn.LET(_xlpm.result,INDEX(ระยะทาง!D:D, MATCH(TRIM($C41), TRIM(ระยะทาง!$A:$A), 0)),IF(ISNUMBER(SEARCH("-", _xlpm.result)), 0, _xlpm.result))} -> 3177129290 | F41: 458871256 | G41: 2.35 | H41: 149.181 | I41: 2 | J41: 8 | K41: 5.2 | L41: 3.5 | M41: 5 | N41: 34.712 | O41: 2 | P41: 8 | Q41: 3.5 | R41: 3.5 | S41: 4.5 | T41: 4616 | U41: 0 | V41: 42133.25 | W41: 12956.6 | X41: 53977.12 | Y41: 49177 | Z41: 13.259235 | AA41: 1.7083251 | AB41: -0.016341694 | AC41: 6.5916008 | AD41: =D41*'ราคาต้นทุน (Asset)'!$E$1 -> 35123700 | AE41: {=_xlfn.LET(_xlpm.result,INDEX(ASSET!U:U, MATCH(TRIM($C41), TRIM(ASSET!$A:$A), 0)),IF(ISNUMBER(SEARCH("-", _xlpm.result)), 0, _xlpm.result))} -> 3448900 | AF41: =group_data_final[[#This Row],[ค่าบำรุงจุดกางเต็นท์]]/300000 -> 0 | AG41: {=_xlfn.LET(_xlpm.result,INDEX(ราคาค่าบำรุง!D:D, MATCH(TRIM($C41), TRIM(ราคาค่าบำรุง!$A:$A), 0)),IF(ISNUMBER(SEARCH("-", _xlpm.result)), 0, _xlpm.result))} -> 0 | AH41: =group_data_final[[#This Row],[ค่าบำรุงจุดพักรถ]]/300000 -> 1 | AI41: {=_xlfn.LET(_xlpm.result,INDEX(ราคาค่าบำรุง!F:F, MATCH(TRIM($C41), TRIM(ราคาค่าบำรุง!$A:$A), 0)),IF(ISNUMBER(SEARCH("-", _xlpm.result)), 0, _xlpm.result))} -> 300000 | AJ41: =group_data_final[[#This Row],[ค่าบำรุงภูมิสถาปัตย์]]/300000 -> 2 | AK41: {=_xlfn.LET(_xlpm.result,INDEX(ราคาค่าบำรุง!H:H, MATCH(TRIM($C41), TRIM(ราคาค่าบำรุง!$A:$A), 0)),IF(ISNUMBER(SEARCH("-", _xlpm.result)), 0, _xlpm.result))} -> 600000 | AL41: =IF(OR(COUNTIF(B41,"*กระบี่*"),COUNTIF(B41,"*จันทบุรี*"),COUNTIF(B41,"*ชุมพร*"),COUNTIF(B41,"*เชียงราย*"),COUNTIF(B41,"*ตรัง*"),COUNTIF(B41,"*นครนายก*"),COUNTIF(B41,"*ปราจีนบุรี*"),COUNTIF(B41,"*พัทลุง*"),COUNTIF(B41,"*ภูเก็ต*"),COUNTIF(B41,"*ยะลา*"),COUNTIF(B41,"*สกลนคร*"),COUNTIF(B41,"*สตูล*"),COUNTIF(B41,"*หนองคาย*"),COUNTIF(B41,"*สุราษฎร์ธานี*"),COUNTIF(B41,"*ปัตตานี*")),2, IF(OR(COUNTIF(B41,"*ตราด*"),COUNTIF(B41,"*นครพนม*"),COUNTIF(B41,"*นครศรีธรรมราช*"),COUNTIF(B41,"*นราธิวาส*"),COUNTIF(B41,"*บึงกาฬ*"),COUNTIF(B41,"*พังงา*"),COUNTIF(B41,"*ระนอง*"),COUNTIF(B41,"*สงขลา*")),4,0)) -> 0 | AM41: =_xlfn.XLOOKUP(group_data_final[[#This Row],[depot_code]],C:C,แผน68!D:D) -> 10931073 | AN41: 4437.1
A42: สำนักงานทางหลวงที่ 11 (ลพบุรี) | B42: ขท.ลพบุรีที่ 2 (ลำนารายณ์) | C42: 435 | D42: {=_xlfn.LET(_xlpm.result,INDEX(ระยะทาง!C:C, MATCH(TRIM(C42), TRIM(ระยะทาง!$A:$A), 0)),IF(ISNUMBER(SEARCH("-", _xlpm.result)), 0, _xlpm.result))} -> 749.252 | E42: {=_xlfn.LET(_xlpm.result,INDEX(ระยะทาง!D:D, MATCH(TRIM($C42), TRIM(ระยะทาง!$A:$A), 0)),IF(ISNUMBER(SEARCH("-", _xlpm.result)), 0, _xlpm.result))} -> 2969911457 | F42: 422350970 | G42: 2.4909333 | H42: 365.611 | I42: 2 | J42: 6 | K42: 3.1333333 | L42: 3.5 | M42: 6.3 | N42: 0.356 | O42: 4 | P42: 6 | Q42: 5 | T42: 0 | U42: 0 | V42: 35358.3 | W42: 0 | X42: 96160.522 | Y42: 111085 | Z42: 120.72221 | AA42: 1287.3021 | AB42: 0.14935078 | AC42: 9.3734294 | AD42: =D42*'ราคาต้นทุน (Asset)'!$E$1 -> 44955120 | AE42: {=_xlfn.LET(_xlpm.result,INDEX(ASSET!U:U, MATCH(TRIM($C42), TRIM(ASSET!$A:$A), 0)),IF(ISNUMBER(SEARCH("-", _xlpm.result)), 0, _xlpm.result))} -> 3012600 | AF42: =group_data_final[[#This Row],[ค่าบำรุงจุดกางเต็นท์]]/300000 -> 0 | AG42: {=_xlfn.LET(_xlpm.result,INDEX(ราคาค่าบำรุง!D:D, MATCH(TRIM($C42), TRIM(ราคาค่าบำรุง!$A:$A), 0)),IF(ISNUMBER(SEARCH("-", _xlpm.result)), 0, _xlpm.result))} -> 0 | AH42: =group_data_final[[#This Row],[ค่าบำรุงจุดพักรถ]]/300000 -> 0 | AI42: {=_xlfn.LET(_xlpm.result,INDEX(ราคาค่าบำรุง!F:F, MATCH(TRIM($C42), TRIM(ราคาค่าบำรุง!$A:$A), 0)),IF(ISNUMBER(SEARCH("-", _xlpm.result)), 0, _xlpm.result))} -> 0 | AJ42: =group_data_final[[#This Row],[ค่าบำรุงภูมิสถาปัตย์]]/300000 -> 0 | AK42: {=_xlfn.LET(_xlpm.result,INDEX(ราคาค่าบำรุง!H:H, MATCH(TRIM($C42), TRIM(ราคาค่าบำรุง!$A:$A), 0)),IF(ISNUMBER(SEARCH("-", _xlpm.result)), 0, _xlpm.result))} -> 0 | AL42: =IF(OR(COUNTIF(B42,"*กระบี่*"),COUNTIF(B42,"*จันทบุรี*"),COUNTIF(B42,"*ชุมพร*"),COUNTIF(B42,"*เชียงราย*"),COUNTIF(B42,"*ตรัง*"),COUNTIF(B42,"*นครนายก*"),COUNTIF(B42,"*ปราจีนบุรี*"),COUNTIF(B42,"*พัทลุง*"),COUNTIF(B42,"*ภูเก็ต*"),COUNTIF(B42,"*ยะลา*"),COUNTIF(B42,"*สกลนคร*"),COUNTIF(B42,"*สตูล*"),COUNTIF(B42,"*หนองคาย*"),COUNTIF(B42,"*สุราษฎร์ธานี*"),COUNTIF(B42,"*ปัตตานี*")),2, IF(OR(COUNTIF(B42,"*ตราด*"),COUNTIF(B42,"*นครพนม*"),COUNTIF(B42,"*นครศรีธรรมราช*"),COUNTIF(B42,"*นราธิวาส*"),COUNTIF(B42,"*บึงกาฬ*"),COUNTIF(B42,"*พังงา*"),COUNTIF(B42,"*ระนอง*"),COUNTIF(B42,"*สงขลา*")),4,0)) -> 0 | AM42: =_xlfn.XLOOKUP(group_data_final[[#This Row],[depot_code]],C:C,แผน68!D:D) -> 21907259 | AN42: 5163
A43: สำนักงานทางหลวงที่ 11 (ลพบุรี) | B43: ขท.นครสวรรค์ที่ 1 | C43: 437 | D43: {=_xlfn.LET(_xlpm.result,INDEX(ระยะทาง!C:C, MATCH(TRIM(C43), TRIM(ระยะทาง!$A:$A), 0)),IF(ISNUMBER(SEARCH("-", _xlpm.result)), 0, _xlpm.result))} -> 890.842 | E43: {=_xlfn.LET(_xlpm.result,INDEX(ระยะทาง!D:D, MATCH(TRIM($C43), TRIM(ระยะทาง!$A:$A), 0)),IF(ISNUMBER(SEARCH("-", _xlpm.result)), 0, _xlpm.result))} -> 1533940963 | F43: 212510863 | G43: 2.7672727 | H43: 262.151 | I43: 1 | J43: 10 | K43: 3.3636364 | L43: 3.5 | M43: 5 | N43: 23.784 | O43: 1 | P43: 10 | Q43: 3.375 | R43: 3.5 | S43: 4.3333333 | T43: 29780 | U43: 0 | V43: 142043.8 | W43: 21732.8 | X43: 165959.46 | Y43: 75621 | Z43: 45.183645 | AA43: 75.87239 | AB43: 0.12490745 | AC43: 6.9039277 | AD43: =D43*'ราคาต้นทุน (Asset)'!$E$1 -> 53450520 | AE43: {=_xlfn.LET(_xlpm.result,INDEX(ASSET!U:U, MATCH(TRIM($C43), TRIM(ASSET!$A:$A), 0)),IF(ISNUMBER(SEARCH("-", _xlpm.result)), 0, _xlpm.result))} -> 3993600 | AF43: =group_data_final[[#This Row],[ค่าบำรุงจุดกางเต็นท์]]/300000 -> 0 | AG43: {=_xlfn.LET(_xlpm.result,INDEX(ราคาค่าบำรุง!D:D, MATCH(TRIM($C43), TRIM(ราคาค่าบำรุง!$A:$A), 0)),IF(ISNUMBER(SEARCH("-", _xlpm.result)), 0, _xlpm.result))} -> 0 | AH43: =group_data_final[[#This Row],[ค่าบำรุงจุดพักรถ]]/300000 -> 0 | AI43: {=_xlfn.LET(_xlpm.result,INDEX(ราคาค่าบำรุง!F:F, MATCH(TRIM($C43), TRIM(ราคาค่าบำรุง!$A:$A), 0)),IF(ISNUMBER(SEARCH("-", _xlpm.result)), 0, _xlpm.result))} -> 0 | AJ43: =group_data_final[[#This Row],[ค่าบำรุงภูมิสถาปัตย์]]/300000 -> 3 | AK43: {=_xlfn.LET(_xlpm.result,INDEX(ราคาค่าบำรุง!H:H, MATCH(TRIM($C43), TRIM(ราคาค่าบำรุง!$A:$A), 0)),IF(ISNUMBER(SEARCH("-", _xlpm.result)), 0, _xlpm.result))} -> 900000 | AL43: =IF(OR(COUNTIF(B43,"*กระบี่*"),COUNTIF(B43,"*จันทบุรี*"),COUNTIF(B43,"*ชุมพร*"),COUNTIF(B43,"*เชียงราย*"),COUNTIF(B43,"*ตรัง*"),COUNTIF(B43,"*นครนายก*"),COUNTIF(B43,"*ปราจีนบุรี*"),COUNTIF(B43,"*พัทลุง*"),COUNTIF(B43,"*ภูเก็ต*"),COUNTIF(B43,"*ยะลา*"),COUNTIF(B43,"*สกลนคร*"),COUNTIF(B43,"*สตูล*"),COUNTIF(B43,"*หนองคาย*"),COUNTIF(B43,"*สุราษฎร์ธานี*"),COUNTIF(B43,"*ปัตตานี*")),2, IF(OR(COUNTIF(B43,"*ตราด*"),COUNTIF(B43,"*นครพนม*"),COUNTIF(B43,"*นครศรีธรรมราช*"),COUNTIF(B43,"*นราธิวาส*"),COUNTIF(B43,"*บึงกาฬ*"),COUNTIF(B43,"*พังงา*"),COUNTIF(B43,"*ระนอง*"),COUNTIF(B43,"*สงขลา*")),4,0)) -> 0 | AM43: =_xlfn.XLOOKUP(group_data_final[[#This Row],[depot_code]],C:C,แผน68!D:D) -> 23134919 | AN43: 12625.6
A44: สำนักงานทางหลวงที่ 11 (ลพบุรี) | B44: ขท.นครสวรรค์ที่ 2 (ตากฟ้า) | C44: 438 | D44: {=_xlfn.LET(_xlpm.result,INDEX(ระยะทาง!C:C, MATCH(TRIM(C44), TRIM(ระยะทาง!$A:$A), 0)),IF(ISNUMBER(SEARCH("-", _xlpm.result)), 0, _xlpm.result))} -> 841.387 | E44: {=_xlfn.LET(_xlpm.result,INDEX(ระยะทาง!D:D, MATCH(TRIM($C44), TRIM(ระยะทาง!$A:$A), 0)),IF(ISNUMBER(SEARCH("-", _xlpm.result)), 0, _xlpm.result))} -> 2202577329 | F44: 26115212 | G44: 2.56075 | H44: 139.549 | I44: 2 | J44: 4 | K44: 3.25 | L44: 3.5 | M44: 4 | N44: 5.35 | O44: 4 | P44: 4 | Q44: 4 | R44: 3.5 | S44: 2 | T44: 0 | U44: 0 | V44: 76961.07 | W44: 17777.6 | X44: 93041.69 | Y44: 36203 | Z44: 50.719555 | AA44: 241.68805 | AB44: -0.012294624 | AC44: 6.5678778 | AD44: =D44*'ราคาต้นทุน (Asset)'!$E$1 -> 50483220 | AE44: {=_xlfn.LET(_xlpm.result,INDEX(ASSET!U:U, MATCH(TRIM($C44), TRIM(ASSET!$A:$A), 0)),IF(ISNUMBER(SEARCH("-", _xlpm.result)), 0, _xlpm.result))} -> 3814800 | AF44: =group_data_final[[#This Row],[ค่าบำรุงจุดกางเต็นท์]]/300000 -> 0 | AG44: {=_xlfn.LET(_xlpm.result,INDEX(ราคาค่าบำรุง!D:D, MATCH(TRIM($C44), TRIM(ราคาค่าบำรุง!$A:$A), 0)),IF(ISNUMBER(SEARCH("-", _xlpm.result)), 0, _xlpm.result))} -> 0 | AH44: =group_data_final[[#This Row],[ค่าบำรุงจุดพักรถ]]/300000 -> 1 | AI44: {=_xlfn.LET(_xlpm.result,INDEX(ราคาค่าบำรุง!F:F, MATCH(TRIM($C44), TRIM(ราคาค่าบำรุง!$A:$A), 0)),IF(ISNUMBER(SEARCH("-", _xlpm.result)), 0, _xlpm.result))} -> 300000 | AJ44: =group_data_final[[#This Row],[ค่าบำรุงภูมิสถาปัตย์]]/300000 -> 1 | AK44: {=_xlfn.LET(_xlpm.result,INDEX(ราคาค่าบำรุง!H:H, MATCH(TRIM($C44), TRIM(ราคาค่าบำรุง!$A:$A), 0)),IF(ISNUMBER(SEARCH("-", _xlpm.result)), 0, _xlpm.result))} -> 300000 | AL44: =IF(OR(COUNTIF(B44,"*กระบี่*"),COUNTIF(B44,"*จันทบุรี*"),COUNTIF(B44,"*ชุมพร*"),COUNTIF(B44,"*เชียงราย*"),COUNTIF(B44,"*ตรัง*"),COUNTIF(B44,"*นครนายก*"),COUNTIF(B44,"*ปราจีนบุรี*"),COUNTIF(B44,"*พัทลุง*"),COUNTIF(B44,"*ภูเก็ต*"),COUNTIF(B44,"*ยะลา*"),COUNTIF(B44,"*สกลนคร*"),COUNTIF(B44,"*สตูล*"),COUNTIF(B44,"*หนองคาย*"),COUNTIF(B44,"*สุราษฎร์ธานี*"),COUNTIF(B44,"*ปัตตานี*")),2, IF(OR(COUNTIF(B44,"*ตราด*"),COUNTIF(B44,"*นครพนม*"),COUNTIF(B44,"*นครศรีธรรมราช*"),COUNTIF(B44,"*นราธิวาส*"),COUNTIF(B44,"*บึงกาฬ*"),COUNTIF(B44,"*พังงา*"),COUNTIF(B44,"*ระนอง*"),COUNTIF(B44,"*สงขลา*")),4,0)) -> 0 | AM44: =_xlfn.XLOOKUP(group_data_final[[#This Row],[depot_code]],C:C,แผน68!D:D) -> 44864899 | AN44: 3871
A45: สำนักงานทางหลวงที่ 12 (สุพรรณบุรี) | B45: ขท.สุพรรณบุรีที่ 1 | C45: 441 | D45: {=_xlfn.LET(_xlpm.result,INDEX(ระยะทาง!C:C, MATCH(TRIM(C45), TRIM(ระยะทาง!$A:$A), 0)),IF(ISNUMBER(SEARCH("-", _xlpm.result)), 0, _xlpm.result))} -> 915.813 | E45: {=_xlfn.LET(_xlpm.result,INDEX(ระยะทาง!D:D, MATCH(TRIM($C45), TRIM(ระยะทาง!$A:$A), 0)),IF(ISNUMBER(SEARCH("-", _xlpm.result)), 0, _xlpm.result))} -> 1996469645 | F45: 87649696 | G45: 3.0048 | H45: 115.156 | I45: 1 | J45: 8 | K45: 2.7777778 | L45: 3.5 | M45: 5 | N45: 407.468 | O45: 1 | P45: 8 | Q45: 4.1818182 | R45: 3.5 | S45: 5.3869 | T45: 0 | U45: 0 | V45: 277765.67 | W45: 90122.5 | X45: 167543.82 | Y45: 135019 | Z45: 12.891937 | AA45: 87.09247 | AB45: -0.0161576 | AC45: 5.0652272 | AD45: =D45*'ราคาต้นทุน (Asset)'!$E$1 -> 54948780 | AE45: {=_xlfn.LET(_xlpm.result,INDEX(ASSET!U:U, MATCH(TRIM($C45), TRIM(ASSET!$A:$A), 0)),IF(ISNUMBER(SEARCH("-", _xlpm.result)), 0, _xlpm.result))} -> 5513100 | AF45: =group_data_final[[#This Row],[ค่าบำรุงจุดกางเต็นท์]]/300000 -> 0 | AG45: {=_xlfn.LET(_xlpm.result,INDEX(ราคาค่าบำรุง!D:D, MATCH(TRIM($C45), TRIM(ราคาค่าบำรุง!$A:$A), 0)),IF(ISNUMBER(SEARCH("-", _xlpm.result)), 0, _xlpm.result))} -> 0 | AH45: =group_data_final[[#This Row],[ค่าบำรุงจุดพักรถ]]/300000 -> 0 | AI45: {=_xlfn.LET(_xlpm.result,INDEX(ราคาค่าบำรุง!F:F, MATCH(TRIM($C45), TRIM(ราคาค่าบำรุง!$A:$A), 0)),IF(ISNUMBER(SEARCH("-", _xlpm.result)), 0, _xlpm.result))} -> 0 | AJ45: =group_data_final[[#This Row],[ค่าบำรุงภูมิสถาปัตย์]]/300000 -> 0 | AK45: {=_xlfn.LET(_xlpm.result,INDEX(ราคาค่าบำรุง!H:H, MATCH(TRIM($C45), TRIM(ราคาค่าบำรุง!$A:$A), 0)),IF(ISNUMBER(SEARCH("-", _xlpm.result)), 0, _xlpm.result))} -> 0 | AL45: =IF(OR(COUNTIF(B45,"*กระบี่*"),COUNTIF(B45,"*จันทบุรี*"),COUNTIF(B45,"*ชุมพร*"),COUNTIF(B45,"*เชียงราย*"),COUNTIF(B45,"*ตรัง*"),COUNTIF(B45,"*นครนายก*"),COUNTIF(B45,"*ปราจีนบุรี*"),COUNTIF(B45,"*พัทลุง*"),COUNTIF(B45,"*ภูเก็ต*"),COUNTIF(B45,"*ยะลา*"),COUNTIF(B45,"*สกลนคร*"),COUNTIF(B45,"*สตูล*"),COUNTIF(B45,"*หนองคาย*"),COUNTIF(B45,"*สุราษฎร์ธานี*"),COUNTIF(B45,"*ปัตตานี*")),2, IF(OR(COUNTIF(B45,"*ตราด*"),COUNTIF(B45,"*นครพนม*"),COUNTIF(B45,"*นครศรีธรรมราช*"),COUNTIF(B45,"*นราธิวาส*"),COUNTIF(B45,"*บึงกาฬ*"),COUNTIF(B45,"*พังงา*"),COUNTIF(B45,"*ระนอง*"),COUNTIF(B45,"*สงขลา*")),4,0)) -> 0 | AM45: =_xlfn.XLOOKUP(group_data_final[[#This Row],[depot_code]],C:C,แผน68!D:D) -> 9436328.3 | AN45: 21833
A46: สำนักงานทางหลวงที่ 12 (สุพรรณบุรี) | B46: ขท.กาญจนบุรี | C46: 444 | D46: {=_xlfn.LET(_xlpm.result,INDEX(ระยะทาง!C:C, MATCH(TRIM(C46), TRIM(ระยะทาง!$A:$A), 0)),IF(ISNUMBER(SEARCH("-", _xlpm.result)), 0, _xlpm.result))} -> 1017.353 | E46: {=_xlfn.LET(_xlpm.result,INDEX(ระยะทาง!D:D, MATCH(TRIM($C46), TRIM(ระยะทาง!$A:$A), 0)),IF(ISNUMBER(SEARCH("-", _xlpm.result)), 0, _xlpm.result))} -> 1575957034 | F46: 589691748 | G46: 2.3801667 | H46: 311.846 | I46: 2 | J46: 6 | K46: 3.25 | L46: 3.5 | M46: 5.308 | N46: 27.634 | O46: 2 | P46: 8 | Q46: 4.5 | R46: 3.4166667 | S46: 5.16 | T46: 0 | U46: 0 | V46: 36386.35 | W46: 940 | X46: 56313.61 | Y46: 27649 | Z46: 78.650462 | AA46: 424.25198 | AB46: -0.13935527 | AC46: 15.07292 | AD46: =D46*'ราคาต้นทุน (Asset)'!$E$1 -> 61041180 | AE46: {=_xlfn.LET(_xlpm.result,INDEX(ASSET!U:U, MATCH(TRIM($C46), TRIM(ASSET!$A:$A), 0)),IF(ISNUMBER(SEARCH("-", _xlpm.result)), 0, _xlpm.result))} -> 5346900 | AF46: =group_data_final[[#This Row],[ค่าบำรุงจุดกางเต็นท์]]/300000 -> 0 | AG46: {=_xlfn.LET(_xlpm.result,INDEX(ราคาค่าบำรุง!D:D, MATCH(TRIM($C46), TRIM(ราคาค่าบำรุง!$A:$A), 0)),IF(ISNUMBER(SEARCH("-", _xlpm.result)), 0, _xlpm.result))} -> 0 | AH46: =group_data_final[[#This Row],[ค่าบำรุงจุดพักรถ]]/300000 -> 0 | AI46: {=_xlfn.LET(_xlpm.result,INDEX(ราคาค่าบำรุง!F:F, MATCH(TRIM($C46), TRIM(ราคาค่าบำรุง!$A:$A), 0)),IF(ISNUMBER(SEARCH("-", _xlpm.result)), 0, _xlpm.result))} -> 0 | AJ46: =group_data_final[[#This Row],[ค่าบำรุงภูมิสถาปัตย์]]/300000 -> 0 | AK46: {=_xlfn.LET(_xlpm.result,INDEX(ราคาค่าบำรุง!H:H, MATCH(TRIM($C46), TRIM(ราคาค่าบำรุง!$A:$A), 0)),IF(ISNUMBER(SEARCH("-", _xlpm.result)), 0, _xlpm.result))} -> 0 | AL46: =IF(OR(COUNTIF(B46,"*กระบี่*"),COUNTIF(B46,"*จันทบุรี*"),COUNTIF(B46,"*ชุมพร*"),COUNTIF(B46,"*เชียงราย*"),COUNTIF(B46,"*ตรัง*"),COUNTIF(B46,"*นครนายก*"),COUNTIF(B46,"*ปราจีนบุรี*"),COUNTIF(B46,"*พัทลุง*"),COUNTIF(B46,"*ภูเก็ต*"),COUNTIF(B46,"*ยะลา*"),COUNTIF(B46,"*สกลนคร*"),COUNTIF(B46,"*สตูล*"),COUNTIF(B46,"*หนองคาย*"),COUNTIF(B46,"*สุราษฎร์ธานี*"),COUNTIF(B46,"*ปัตตานี*")),2, IF(OR(COUNTIF(B46,"*ตราด*"),COUNTIF(B46,"*นครพนม*"),COUNTIF(B46,"*นครศรีธรรมราช*"),COUNTIF(B46,"*นราธิวาส*"),COUNTIF(B46,"*บึงกาฬ*"),COUNTIF(B46,"*พังงา*"),COUNTIF(B46,"*ระนอง*"),COUNTIF(B46,"*สงขลา*")),4,0)) -> 0 | AM46: =_xlfn.XLOOKUP(group_data_final[[#This Row],[depot_code]],C:C,แผน68!D:D) -> 13052440 | AN46: 4937
A47: สำนักงานทางหลวงที่ 12 (สุพรรณบุรี) | B47: ขท.สุพรรณบุรีที่ 2 (อู่ทอง) | C47: 445 | D47: {=_xlfn.LET(_xlpm.result,INDEX(ระยะทาง!C:C, MATCH(TRIM(C47), TRIM(ระยะทาง!$A:$A), 0)),IF(ISNUMBER(SEARCH("-", _xlpm.result)), 0, _xlpm.result))} -> 1050.757 | E47: {=_xlfn.LET(_xlpm.result,INDEX(ระยะทาง!D:D, MATCH(TRIM($C47), TRIM(ระยะทาง!$A:$A), 0)),IF(ISNUMBER(SEARCH("-", _xlpm.result)), 0, _xlpm.result))} -> 2538519856 | F47: 173734142 | G47: 2.8629412 | H47: 316.394 | I47: 2 | J47: 8 | K47: 2.8333333 | L47: 3.5 | M47: 5.789 | N47: 218.397 | O47: 2 | P47: 8 | Q47: 5 | R47: 3.491125 | S47: 6.144875 | T47: 9534 | U47: 0 | V47: 274387.98 | W47: 44429.6 | X47: 245895.28 | Y47: 158426 | Z47: 43.31595 | AA47: 398.96386 | AB47: 0.052667251 | AC47: 5.5761168 | AD47: =D47*'ราคาต้นทุน (Asset)'!$E$1 -> 63045420 | AE47: {=_xlfn.LET(_xlpm.result,INDEX(ASSET!U:U, MATCH(TRIM($C47), TRIM(ASSET!$A:$A), 0)),IF(ISNUMBER(SEARCH("-", _xlpm.result)), 0, _xlpm.result))} -> 5431300 | AF47: =group_data_final[[#This Row],[ค่าบำรุงจุดกางเต็นท์]]/300000 -> 0 | AG47: {=_xlfn.LET(_xlpm.result,INDEX(ราคาค่าบำรุง!D:D, MATCH(TRIM($C47), TRIM(ราคาค่าบำรุง!$A:$A), 0)),IF(ISNUMBER(SEARCH("-", _xlpm.result)), 0, _xlpm.result))} -> 0 | AH47: =group_data_final[[#This Row],[ค่าบำรุงจุดพักรถ]]/300000 -> 3 | AI47: {=_xlfn.LET(_xlpm.result,INDEX(ราคาค่าบำรุง!F:F, MATCH(TRIM($C47), TRIM(ราคาค่าบำรุง!$A:$A), 0)),IF(ISNUMBER(SEARCH("-", _xlpm.result)), 0, _xlpm.result))} -> 900000 | AJ47: =group_data_final[[#This Row],[ค่าบำรุงภูมิสถาปัตย์]]/300000 -> 1 | AK47: {=_xlfn.LET(_xlpm.result,INDEX(ราคาค่าบำรุง!H:H, MATCH(TRIM($C47), TRIM(ราคาค่าบำรุง!$A:$A), 0)),IF(ISNUMBER(SEARCH("-", _xlpm.result)), 0, _xlpm.result))} -> 300000 | AL47: =IF(OR(COUNTIF(B47,"*กระบี่*"),COUNTIF(B47,"*จันทบุรี*"),COUNTIF(B47,"*ชุมพร*"),COUNTIF(B47,"*เชียงราย*"),COUNTIF(B47,"*ตรัง*"),COUNTIF(B47,"*นครนายก*"),COUNTIF(B47,"*ปราจีนบุรี*"),COUNTIF(B47,"*พัทลุง*"),COUNTIF(B47,"*ภูเก็ต*"),COUNTIF(B47,"*ยะลา*"),COUNTIF(B47,"*สกลนคร*"),COUNTIF(B47,"*สตูล*"),COUNTIF(B47,"*หนองคาย*"),COUNTIF(B47,"*สุราษฎร์ธานี*"),COUNTIF(B47,"*ปัตตานี*")),2, IF(OR(COUNTIF(B47,"*ตราด*"),COUNTIF(B47,"*นครพนม*"),COUNTIF(B47,"*นครศรีธรรมราช*"),COUNTIF(B47,"*นราธิวาส*"),COUNTIF(B47,"*บึงกาฬ*"),COUNTIF(B47,"*พังงา*"),COUNTIF(B47,"*ระนอง*"),COUNTIF(B47,"*สงขลา*")),4,0)) -> 0 | AM47: =_xlfn.XLOOKUP(group_data_final[[#This Row],[depot_code]],C:C,แผน68!D:D) -> 22849661 | AN47: 5370.5
A48: สำนักงานทางหลวงที่ 12 (สุพรรณบุรี) | B48: ขท.ชัยนาท | C48: 446 | D48: {=_xlfn.LET(_xlpm.result,INDEX(ระยะทาง!C:C, MATCH(TRIM(C48), TRIM(ระยะทาง!$A:$A), 0)),IF(ISNUMBER(SEARCH("-", _xlpm.result)), 0, _xlpm.result))} -> 674.495 | E48: {=_xlfn.LET(_xlpm.result,INDEX(ระยะทาง!D:D, MATCH(TRIM($C48), TRIM(ระยะทาง!$A:$A), 0)),IF(ISNUMBER(SEARCH("-", _xlpm.result)), 0, _xlpm.result))} -> 2737266415 | F48: 468056912 | G48: 2.460125 | H48: 349.576 | I48: 1 | J48: 8 | K48: 3.2857143 | L48: 3.5 | M48: 6 | N48: 115.643 | O48: 1 | P48: 8 | Q48: 4.25 | R48: 3.5 | S48: 6 | T48: 0 | U48: 0 | V48: 45718.5 | W48: 0 | X48: 11510.93 | Y48: 28104.397 | Z48: 20.702103 | AA48: 39.28455 | AB48: -0.32491099 | AC48: 18.222995 | AD48: =D48*'ราคาต้นทุน (Asset)'!$E$1 -> 40469700 | AE48: {=_xlfn.LET(_xlpm.result,INDEX(ASSET!U:U, MATCH(TRIM($C48), TRIM(ASSET!$A:$A), 0)),IF(ISNUMBER(SEARCH("-", _xlpm.result)), 0, _xlpm.result))} -> 3736400 | AF48: =group_data_final[[#This Row],[ค่าบำรุงจุดกางเต็นท์]]/300000 -> 0 | AG48: {=_xlfn.LET(_xlpm.result,INDEX(ราคาค่าบำรุง!D:D, MATCH(TRIM($C48), TRIM(ราคาค่าบำรุง!$A:$A), 0)),IF(ISNUMBER(SEARCH("-", _xlpm.result)), 0, _xlpm.result))} -> 0 | AH48: =group_data_final[[#This Row],[ค่าบำรุงจุดพักรถ]]/300000 -> 5 | AI48: {=_xlfn.LET(_xlpm.result,INDEX(ราคาค่าบำรุง!F:F, MATCH(TRIM($C48), TRIM(ราคาค่าบำรุง!$A:$A), 0)),IF(ISNUMBER(SEARCH("-", _xlpm.result)), 0, _xlpm.result))} -> 1500000 | AJ48: =group_data_final[[#This Row],[ค่าบำรุงภูมิสถาปัตย์]]/300000 -> 1 | AK48: {=_xlfn.LET(_xlpm.result,INDEX(ราคาค่าบำรุง!H:H, MATCH(TRIM($C48), TRIM(ราคาค่าบำรุง!$A:$A), 0)),IF(ISNUMBER(SEARCH("-", _xlpm.result)), 0, _xlpm.result))} -> 300000 | AL48: =IF(OR(COUNTIF(B48,"*กระบี่*"),COUNTIF(B48,"*จันทบุรี*"),COUNTIF(B48,"*ชุมพร*"),COUNTIF(B48,"*เชียงราย*"),COUNTIF(B48,"*ตรัง*"),COUNTIF(B48,"*นครนายก*"),COUNTIF(B48,"*ปราจีนบุรี*"),COUNTIF(B48,"*พัทลุง*"),COUNTIF(B48,"*ภูเก็ต*"),COUNTIF(B48,"*ยะลา*"),COUNTIF(B48,"*สกลนคร*"),COUNTIF(B48,"*สตูล*"),COUNTIF(B48,"*หนองคาย*"),COUNTIF(B48,"*สุราษฎร์ธานี*"),COUNTIF(B48,"*ปัตตานี*")),2, IF(OR(COUNTIF(B48,"*ตราด*"),COUNTIF(B48,"*นครพนม*"),COUNTIF(B48,"*นครศรีธรรมราช*"),COUNTIF(B48,"*นราธิวาส*"),COUNTIF(B48,"*บึงกาฬ*"),COUNTIF(B48,"*พังงา*"),COUNTIF(B48,"*ระนอง*"),COUNTIF(B48,"*สงขลา*")),4,0)) -> 0 | AM48: =_xlfn.XLOOKUP(group_data_final[[#This Row],[depot_code]],C:C,แผน68!D:D) -> 25981167 | AN48: 5696
A49: สำนักงานทางหลวงที่ 12 (สุพรรณบุรี) | B49: ขท.อุทัยธานี | C49: 447 | D49: {=_xlfn.LET(_xlpm.result,INDEX(ระยะทาง!C:C, MATCH(TRIM(C49), TRIM(ระยะทาง!$A:$A), 0)),IF(ISNUMBER(SEARCH("-", _xlpm.result)), 0, _xlpm.result))} -> 547.512 | E49: {=_xlfn.LET(_xlpm.result,INDEX(ระยะทาง!D:D, MATCH(TRIM($C49), TRIM(ระยะทาง!$A:$A), 0)),IF(ISNUMBER(SEARCH("-", _xlpm.result)), 0, _xlpm.result))} -> 3553393811 | F49: 142974114 | G49: 2.2131111 | H49: 229.206 | I49: 2 | J49: 6 | K49: 2.7777778 | L49: 3.5 | M49: 5 | N49: 6.235 | O49: 2 | P49: 2 | Q49: 2 | R49: 3.5 | S49: 5 | T49: 8820.5 | U49: 0 | V49: 68096.19 | W49: 0 | X49: 139880.73 | Y49: 63287 | Z49: 78.024281 | AA49: 1589.6902 | AB49: 0.12225137 | AC49: 9.2011558 | AD49: =D49*'ราคาต้นทุน (Asset)'!$E$1 -> 32850720 | AE49: {=_xlfn.LET(_xlpm.result,INDEX(ASSET!U:U, MATCH(TRIM($C49), TRIM(ASSET!$A:$A), 0)),IF(ISNUMBER(SEARCH("-", _xlpm.result)), 0, _xlpm.result))} -> 3984800 | AF49: =group_data_final[[#This Row],[ค่าบำรุงจุดกางเต็นท์]]/300000 -> 1 | AG49: {=_xlfn.LET(_xlpm.result,INDEX(ราคาค่าบำรุง!D:D, MATCH(TRIM($C49), TRIM(ราคาค่าบำรุง!$A:$A), 0)),IF(ISNUMBER(SEARCH("-", _xlpm.result)), 0, _xlpm.result))} -> 300000 | AH49: =group_data_final[[#This Row],[ค่าบำรุงจุดพักรถ]]/300000 -> 1 | AI49: {=_xlfn.LET(_xlpm.result,INDEX(ราคาค่าบำรุง!F:F, MATCH(TRIM($C49), TRIM(ราคาค่าบำรุง!$A:$A), 0)),IF(ISNUMBER(SEARCH("-", _xlpm.result)), 0, _xlpm.result))} -> 300000 | AJ49: =group_data_final[[#This Row],[ค่าบำรุงภูมิสถาปัตย์]]/300000 -> 0 | AK49: {=_xlfn.LET(_xlpm.result,INDEX(ราคาค่าบำรุง!H:H, MATCH(TRIM($C49), TRIM(ราคาค่าบำรุง!$A:$A), 0)),IF(ISNUMBER(SEARCH("-", _xlpm.result)), 0, _xlpm.result))} -> 0 | AL49: =IF(OR(COUNTIF(B49,"*กระบี่*"),COUNTIF(B49,"*จันทบุรี*"),COUNTIF(B49,"*ชุมพร*"),COUNTIF(B49,"*เชียงราย*"),COUNTIF(B49,"*ตรัง*"),COUNTIF(B49,"*นครนายก*"),COUNTIF(B49,"*ปราจีนบุรี*"),COUNTIF(B49,"*พัทลุง*"),COUNTIF(B49,"*ภูเก็ต*"),COUNTIF(B49,"*ยะลา*"),COUNTIF(B49,"*สกลนคร*"),COUNTIF(B49,"*สตูล*"),COUNTIF(B49,"*หนองคาย*"),COUNTIF(B49,"*สุราษฎร์ธานี*"),COUNTIF(B49,"*ปัตตานี*")),2, IF(OR(COUNTIF(B49,"*ตราด*"),COUNTIF(B49,"*นครพนม*"),COUNTIF(B49,"*นครศรีธรรมราช*"),COUNTIF(B49,"*นราธิวาส*"),COUNTIF(B49,"*บึงกาฬ*"),COUNTIF(B49,"*พังงา*"),COUNTIF(B49,"*ระนอง*"),COUNTIF(B49,"*สงขลา*")),4,0)) -> 0 | AM49: =_xlfn.XLOOKUP(group_data_final[[#This Row],[depot_code]],C:C,แผน68!D:D) -> 8096662 | AN49: 3668.85
A50: สำนักงานทางหลวงที่ 12 (สุพรรณบุรี) | B50: ขท.อ่างทอง | C50: 448 | D50: {=_xlfn.LET(_xlpm.result,INDEX(ระยะทาง!C:C, MATCH(TRIM(C50), TRIM(ระยะทาง!$A:$A), 0)),IF(ISNUMBER(SEARCH("-", _xlpm.result)), 0, _xlpm.result))} -> 603.358 | E50: {=_xlfn.LET(_xlpm.result,INDEX(ระยะทาง!D:D, MATCH(TRIM($C50), TRIM(ระยะทาง!$A:$A), 0)),IF(ISNUMBER(SEARCH("-", _xlpm.result)), 0, _xlpm.result))} -> 2119827796 | F50: 98247609 | G50: 2.5053 | H50: 273.013 | I50: 1 | J50: 8 | K50: 4 | L50: 3.5 | M50: 5.334 | N50: 44.848 | O50: 1 | P50: 6 | Q50: 2.7142857 | R50: 3.5 | S50: 4.8886667 | T50: 0 | U50: 0 | V50: 88127.74 | W50: 28333.4 | X50: 78102.835 | Y50: 53772 | Z50: 16.946733 | AA50: 1.5958682 | AB50: 0.021181656 | AC50: 6.0589231 | AD50: =D50*'ราคาต้นทุน (Asset)'!$E$1 -> 36201480 | AE50: {=_xlfn.LET(_xlpm.result,INDEX(ASSET!U:U, MATCH(TRIM($C50), TRIM(ASSET!$A:$A), 0)),IF(ISNUMBER(SEARCH("-", _xlpm.result)), 0, _xlpm.result))} -> 4279900 | AF50: =group_data_final[[#This Row],[ค่าบำรุงจุดกางเต็นท์]]/300000 -> 0 | AG50: {=_xlfn.LET(_xlpm.result,INDEX(ราคาค่าบำรุง!D:D, MATCH(TRIM($C50), TRIM(ราคาค่าบำรุง!$A:$A), 0)),IF(ISNUMBER(SEARCH("-", _xlpm.result)), 0, _xlpm.result))} -> 0 | AH50: =group_data_final[[#This Row],[ค่าบำรุงจุดพักรถ]]/300000 -> 1 | AI50: {=_xlfn.LET(_xlpm.result,INDEX(ราคาค่าบำรุง!F:F, MATCH(TRIM($C50), TRIM(ราคาค่าบำรุง!$A:$A), 0)),IF(ISNUMBER(SEARCH("-", _xlpm.result)), 0, _xlpm.result))} -> 300000 | AJ50: =group_data_final[[#This Row],[ค่าบำรุงภูมิสถาปัตย์]]/300000 -> 0 | AK50: {=_xlfn.LET(_xlpm.result,INDEX(ราคาค่าบำรุง!H:H, MATCH(TRIM($C50), TRIM(ราคาค่าบำรุง!$A:$A), 0)),IF(ISNUMBER(SEARCH("-", _xlpm.result)), 0, _xlpm.result))} -> 0 | AL50: =IF(OR(COUNTIF(B50,"*กระบี่*"),COUNTIF(B50,"*จันทบุรี*"),COUNTIF(B50,"*ชุมพร*"),COUNTIF(B50,"*เชียงราย*"),COUNTIF(B50,"*ตรัง*"),COUNTIF(B50,"*นครนายก*"),COUNTIF(B50,"*ปราจีนบุรี*"),COUNTIF(B50,"*พัทลุง*"),COUNTIF(B50,"*ภูเก็ต*"),COUNTIF(B50,"*ยะลา*"),COUNTIF(B50,"*สกลนคร*"),COUNTIF(B50,"*สตูล*"),COUNTIF(B50,"*หนองคาย*"),COUNTIF(B50,"*สุราษฎร์ธานี*"),COUNTIF(B50,"*ปัตตานี*")),2, IF(OR(COUNTIF(B50,"*ตราด*"),COUNTIF(B50,"*นครพนม*"),COUNTIF(B50,"*นครศรีธรรมราช*"),COUNTIF(B50,"*นราธิวาส*"),COUNTIF(B50,"*บึงกาฬ*"),COUNTIF(B50,"*พังงา*"),COUNTIF(B50,"*ระนอง*"),COUNTIF(B50,"*สงขลา*")),4,0)) -> 0 | AM50: =_xlfn.XLOOKUP(group_data_final[[#This Row],[depot_code]],C:C,แผน68!D:D) -> 21647068 | AN50: 11842
A51: สำนักงานทางหลวงที่ 5 (พิษณุโลก) | B51: ขท.พิษณุโลกที่ 1 | C51: 511 | D51: {=_xlfn.LET(_xlpm.result,INDEX(ระยะทาง!C:C, MATCH(TRIM(C51), TRIM(ระยะทาง!$A:$A), 0)),IF(ISNUMBER(SEARCH("-", _xlpm.result)), 0, _xlpm.result))} -> 774.965 | E51: {=_xlfn.LET(_xlpm.result,INDEX(ระยะทาง!D:D, MATCH(TRIM($C51), TRIM(ระยะทาง!$A:$A), 0)),IF(ISNUMBER(SEARCH("-", _xlpm.result)), 0, _xlpm.result))} -> 3660425293 | F51: 485536904 | G51: 2.575 | H51: 269.088 | I51: 2 | J51: 9 | K51: 3.8181818 | L51: 3.521 | M51: 5 | N51: 161.838 | O51: 2 | P51: 12 | Q51: 5.1 | R51: 3.7222222 | S51: 4.9444444 | T51: 0 | U51: 0 | V51: 81651.16 | W51: 49183 | X51: 107649 | Y51: 98314 | Z51: 51.509521 | AA51: 3.9940667 | AB51: 0.011303956 | AC51: 8.6521437 | AD51: =D51*'ราคาต้นทุน (Asset)'!$E$1 -> 46497900 | AE51: {=_xlfn.LET(_xlpm.result,INDEX(ASSET!U:U, MATCH(TRIM($C51), TRIM(ASSET!$A:$A), 0)),IF(ISNUMBER(SEARCH("-", _xlpm.result)), 0, _xlpm.result))} -> 4008600 | AF51: =group_data_final[[#This Row],[ค่าบำรุงจุดกางเต็นท์]]/300000 -> 0 | AG51: {=_xlfn.LET(_xlpm.result,INDEX(ราคาค่าบำรุง!D:D, MATCH(TRIM($C51), TRIM(ราคาค่าบำรุง!$A:$A), 0)),IF(ISNUMBER(SEARCH("-", _xlpm.result)), 0, _xlpm.result))} -> 0 | AH51: =group_data_final[[#This Row],[ค่าบำรุงจุดพักรถ]]/300000 -> 2 | AI51: {=_xlfn.LET(_xlpm.result,INDEX(ราคาค่าบำรุง!F:F, MATCH(TRIM($C51), TRIM(ราคาค่าบำรุง!$A:$A), 0)),IF(ISNUMBER(SEARCH("-", _xlpm.result)), 0, _xlpm.result))} -> 600000 | AJ51: =group_data_final[[#This Row],[ค่าบำรุงภูมิสถาปัตย์]]/300000 -> 1 | AK51: {=_xlfn.LET(_xlpm.result,INDEX(ราคาค่าบำรุง!H:H, MATCH(TRIM($C51), TRIM(ราคาค่าบำรุง!$A:$A), 0)),IF(ISNUMBER(SEARCH("-", _xlpm.result)), 0, _xlpm.result))} -> 300000 | AL51: =IF(OR(COUNTIF(B51,"*กระบี่*"),COUNTIF(B51,"*จันทบุรี*"),COUNTIF(B51,"*ชุมพร*"),COUNTIF(B51,"*เชียงราย*"),COUNTIF(B51,"*ตรัง*"),COUNTIF(B51,"*นครนายก*"),COUNTIF(B51,"*ปราจีนบุรี*"),COUNTIF(B51,"*พัทลุง*"),COUNTIF(B51,"*ภูเก็ต*"),COUNTIF(B51,"*ยะลา*"),COUNTIF(B51,"*สกลนคร*"),COUNTIF(B51,"*สตูล*"),COUNTIF(B51,"*หนองคาย*"),COUNTIF(B51,"*สุราษฎร์ธานี*"),COUNTIF(B51,"*ปัตตานี*")),2, IF(OR(COUNTIF(B51,"*ตราด*"),COUNTIF(B51,"*นครพนม*"),COUNTIF(B51,"*นครศรีธรรมราช*"),COUNTIF(B51,"*นราธิวาส*"),COUNTIF(B51,"*บึงกาฬ*"),COUNTIF(B51,"*พังงา*"),COUNTIF(B51,"*ระนอง*"),COUNTIF(B51,"*สงขลา*")),4,0)) -> 0 | AM51: =_xlfn.XLOOKUP(group_data_final[[#This Row],[depot_code]],C:C,แผน68!D:D) -> 25873714 | AN51: 10628
A52: สำนักงานทางหลวงที่ 4 (ตาก) | B52: ขท.ตากที่ 1 | C52: 512 | D52: {=_xlfn.LET(_xlpm.result,INDEX(ระยะทาง!C:C, MATCH(TRIM(C52), TRIM(ระยะทาง!$A:$A), 0)),IF(ISNUMBER(SEARCH("-", _xlpm.result)), 0, _xlpm.result))} -> 830.796 | E52: {=_xlfn.LET(_xlpm.result,INDEX(ระยะทาง!D:D, MATCH(TRIM($C52), TRIM(ระยะทาง!$A:$A), 0)),IF(ISNUMBER(SEARCH("-", _xlpm.result)), 0, _xlpm.result))} -> 3785552665 | F52: 497662074 | G52: 2.274875 | H52: 408.994 | I52: 1 | J52: 6 | K52: 3.375 | L52: 3.5 | M52: 5.125 | N52: 77.277 | O52: 1 | P52: 10 | Q52: 4.125 | R52: 3.484375 | S52: 4.5237143 | T52: 113122 | U52: 0 | V52: 111779.38 | W52: 7249.65 | X52: 108478.69 | Y52: 109152.31 | Z52: 155.24333 | AA52: 6284.2441 | AB52: -0.12139382 | AC52: 23.870553 | AD52: =D52*'ราคาต้นทุน (Asset)'!$E$1 -> 49847760 | AE52: {=_xlfn.LET(_xlpm.result,INDEX(ASSET!U:U, MATCH(TRIM($C52), TRIM(ASSET!$A:$A), 0)),IF(ISNUMBER(SEARCH("-", _xlpm.result)), 0, _xlpm.result))} -> 3497300 | AF52: =group_data_final[[#This Row],[ค่าบำรุงจุดกางเต็นท์]]/300000 -> 0 | AG52: {=_xlfn.LET(_xlpm.result,INDEX(ราคาค่าบำรุง!D:D, MATCH(TRIM($C52), TRIM(ราคาค่าบำรุง!$A:$A), 0)),IF(ISNUMBER(SEARCH("-", _xlpm.result)), 0, _xlpm.result))} -> 0 | AH52: =group_data_final[[#This Row],[ค่าบำรุงจุดพักรถ]]/300000 -> 0 | AI52: {=_xlfn.LET(_xlpm.result,INDEX(ราคาค่าบำรุง!F:F, MATCH(TRIM($C52), TRIM(ราคาค่าบำรุง!$A:$A), 0)),IF(ISNUMBER(SEARCH("-", _xlpm.result)), 0, _xlpm.result))} -> 0 | AJ52: =group_data_final[[#This Row],[ค่าบำรุงภูมิสถาปัตย์]]/300000 -> 2 | AK52: {=_xlfn.LET(_xlpm.result,INDEX(ราคาค่าบำรุง!H:H, MATCH(TRIM($C52), TRIM(ราคาค่าบำรุง!$A:$A), 0)),IF(ISNUMBER(SEARCH("-", _xlpm.result)), 0, _xlpm.result))} -> 600000 | AL52: =IF(OR(COUNTIF(B52,"*กระบี่*"),COUNTIF(B52,"*จันทบุรี*"),COUNTIF(B52,"*ชุมพร*"),COUNTIF(B52,"*เชียงราย*"),COUNTIF(B52,"*ตรัง*"),COUNTIF(B52,"*นครนายก*"),COUNTIF(B52,"*ปราจีนบุรี*"),COUNTIF(B52,"*พัทลุง*"),COUNTIF(B52,"*ภูเก็ต*"),COUNTIF(B52,"*ยะลา*"),COUNTIF(B52,"*สกลนคร*"),COUNTIF(B52,"*สตูล*"),COUNTIF(B52,"*หนองคาย*"),COUNTIF(B52,"*สุราษฎร์ธานี*"),COUNTIF(B52,"*ปัตตานี*")),2, IF(OR(COUNTIF(B52,"*ตราด*"),COUNTIF(B52,"*นครพนม*"),COUNTIF(B52,"*นครศรีธรรมราช*"),COUNTIF(B52,"*นราธิวาส*"),COUNTIF(B52,"*บึงกาฬ*"),COUNTIF(B52,"*พังงา*"),COUNTIF(B52,"*ระนอง*"),COUNTIF(B52,"*สงขลา*")),4,0)) -> 0 | AM52: =_xlfn.XLOOKUP(group_data_final[[#This Row],[depot_code]],C:C,แผน68!D:D) -> 16304171 | AN52: 8321.6
A53: สำนักงานทางหลวงที่ 4 (ตาก) | B53: ขท.สุโขทัย | C53: 513 | D53: {=_xlfn.LET(_xlpm.result,INDEX(ระยะทาง!C:C, MATCH(TRIM(C53), TRIM(ระยะทาง!$A:$A), 0)),IF(ISNUMBER(SEARCH("-", _xlpm.result)), 0, _xlpm.result))} -> 1003.095 | E53: {=_xlfn.LET(_xlpm.result,INDEX(ระยะทาง!D:D, MATCH(TRIM($C53), TRIM(ระยะทาง!$A:$A), 0)),IF(ISNUMBER(SEARCH("-", _xlpm.result)), 0, _xlpm.result))} -> 2777199411 | F53: 1957249007 | G53: 2.2361818 | H53: 439.81 | I53: 2 | J53: 8 | K53: 3.1363636 | L53: 5.5 | M53: 4.5 | N53: 40.083 | O53: 2 | P53: 6 | Q53: 3.9333333 | R53: 3.75 | S53: 3.3333333 | T53: 43981.765 | U53: 0 | V53: 135318.85 | W53: 11196 | X53: 138918.91 | Y53: 92308 | Z53: 64.285024 | AA53: 157.79239 | AB53: 0.08052311 | AC53: 9.3810121 | AD53: =D53*'ราคาต้นทุน (Asset)'!$E$1 -> 60185700 | AE53: {=_xlfn.LET(_xlpm.result,INDEX(ASSET!U:U, MATCH(TRIM($C53), TRIM(ASSET!$A:$A), 0)),IF(ISNUMBER(SEARCH("-", _xlpm.result)), 0, _xlpm.result))} -> 4439800 | AF53: =group_data_final[[#This Row],[ค่าบำรุงจุดกางเต็นท์]]/300000 -> 0 | AG53: {=_xlfn.LET(_xlpm.result,INDEX(ราคาค่าบำรุง!D:D, MATCH(TRIM($C53), TRIM(ราคาค่าบำรุง!$A:$A), 0)),IF(ISNUMBER(SEARCH("-", _xlpm.result)), 0, _xlpm.result))} -> 0 | AH53: =group_data_final[[#This Row],[ค่าบำรุงจุดพักรถ]]/300000 -> 0 | AI53: {=_xlfn.LET(_xlpm.result,INDEX(ราคาค่าบำรุง!F:F, MATCH(TRIM($C53), TRIM(ราคาค่าบำรุง!$A:$A), 0)),IF(ISNUMBER(SEARCH("-", _xlpm.result)), 0, _xlpm.result))} -> 0 | AJ53: =group_data_final[[#This Row],[ค่าบำรุงภูมิสถาปัตย์]]/300000 -> 1 | AK53: {=_xlfn.LET(_xlpm.result,INDEX(ราคาค่าบำรุง!H:H, MATCH(TRIM($C53), TRIM(ราคาค่าบำรุง!$A:$A), 0)),IF(ISNUMBER(SEARCH("-", _xlpm.result)), 0, _xlpm.result))} -> 300000 | AL53: =IF(OR(COUNTIF(B53,"*กระบี่*"),COUNTIF(B53,"*จันทบุรี*"),COUNTIF(B53,"*ชุมพร*"),COUNTIF(B53,"*เชียงราย*"),COUNTIF(B53,"*ตรัง*"),COUNTIF(B53,"*นครนายก*"),COUNTIF(B53,"*ปราจีนบุรี*"),COUNTIF(B53,"*พัทลุง*"),COUNTIF(B53,"*ภูเก็ต*"),COUNTIF(B53,"*ยะลา*"),COUNTIF(B53,"*สกลนคร*"),COUNTIF(B53,"*สตูล*"),COUNTIF(B53,"*หนองคาย*"),COUNTIF(B53,"*สุราษฎร์ธานี*"),COUNTIF(B53,"*ปัตตานี*")),2, IF(OR(COUNTIF(B53,"*ตราด*"),COUNTIF(B53,"*นครพนม*"),COUNTIF(B53,"*นครศรีธรรมราช*"),COUNTIF(B53,"*นราธิวาส*"),COUNTIF(B53,"*บึงกาฬ*"),COUNTIF(B53,"*พังงา*"),COUNTIF(B53,"*ระนอง*"),COUNTIF(B53,"*สงขลา*")),4,0)) -> 0 | AM53: =_xlfn.XLOOKUP(group_data_final[[#This Row],[depot_code]],C:C,แผน68!D:D) -> 21915969 | AN53: 8524.9
A54: สำนักงานทางหลวงที่ 4 (ตาก) | B54: ขท.ตากที่ 2 (แม่สอด) | C54: 514 | D54: {=_xlfn.LET(_xlpm.result,INDEX(ระยะทาง!C:C, MATCH(TRIM(C54), TRIM(ระยะทาง!$A:$A), 0)),IF(ISNUMBER(SEARCH("-", _xlpm.result)), 0, _xlpm.result))} -> 838.373 | E54: {=_xlfn.LET(_xlpm.result,INDEX(ระยะทาง!D:D, MATCH(TRIM($C54), TRIM(ระยะทาง!$A:$A), 0)),IF(ISNUMBER(SEARCH("-", _xlpm.result)), 0, _xlpm.result))} -> 2605661339 | F54: 736824232 | G54: 3.202 | H54: 81.578 | I54: 1 | J54: 8 | K54: 5 | L54: 3.852 | M54: 4.762 | N54: 91.606 | O54: 1 | P54: 8 | Q54: 5 | R54: 3.51 | S54: 4.678 | T54: 0 | U54: 0 | V54: 77041.96 | W54: 3789.2 | X54: 156627.44 | Y54: 111225.4 | Z54: 428.51504 | AA54: 24283.939 | AB54: 0.45715541 | AC54: 79.180541 | AD54: =D54*'ราคาต้นทุน (Asset)'!$E$1 -> 50302380 | AE54: {=_xlfn.LET(_xlpm.result,INDEX(ASSET!U:U, MATCH(TRIM($C54), TRIM(ASSET!$A:$A), 0)),IF(ISNUMBER(SEARCH("-", _xlpm.result)), 0, _xlpm.result))} -> 2529300 | AF54: =group_data_final[[#This Row],[ค่าบำรุงจุดกางเต็นท์]]/300000 -> 0 | AG54: {=_xlfn.LET(_xlpm.result,INDEX(ราคาค่าบำรุง!D:D, MATCH(TRIM($C54), TRIM(ราคาค่าบำรุง!$A:$A), 0)),IF(ISNUMBER(SEARCH("-", _xlpm.result)), 0, _xlpm.result))} -> 0 | AH54: =group_data_final[[#This Row],[ค่าบำรุงจุดพักรถ]]/300000 -> 0 | AI54: {=_xlfn.LET(_xlpm.result,INDEX(ราคาค่าบำรุง!F:F, MATCH(TRIM($C54), TRIM(ราคาค่าบำรุง!$A:$A), 0)),IF(ISNUMBER(SEARCH("-", _xlpm.result)), 0, _xlpm.result))} -> 0 | AJ54: =group_data_final[[#This Row],[ค่าบำรุงภูมิสถาปัตย์]]/300000 -> 2 | AK54: {=_xlfn.LET(_xlpm.result,INDEX(ราคาค่าบำรุง!H:H, MATCH(TRIM($C54), TRIM(ราคาค่าบำรุง!$A:$A), 0)),IF(ISNUMBER(SEARCH("-", _xlpm.result)), 0, _xlpm.result))} -> 600000 | AL54: =IF(OR(COUNTIF(B54,"*กระบี่*"),COUNTIF(B54,"*จันทบุรี*"),COUNTIF(B54,"*ชุมพร*"),COUNTIF(B54,"*เชียงราย*"),COUNTIF(B54,"*ตรัง*"),COUNTIF(B54,"*นครนายก*"),COUNTIF(B54,"*ปราจีนบุรี*"),COUNTIF(B54,"*พัทลุง*"),COUNTIF(B54,"*ภูเก็ต*"),COUNTIF(B54,"*ยะลา*"),COUNTIF(B54,"*สกลนคร*"),COUNTIF(B54,"*สตูล*"),COUNTIF(B54,"*หนองคาย*"),COUNTIF(B54,"*สุราษฎร์ธานี*"),COUNTIF(B54,"*ปัตตานี*")),2, IF(OR(COUNTIF(B54,"*ตราด*"),COUNTIF(B54,"*นครพนม*"),COUNTIF(B54,"*นครศรีธรรมราช*"),COUNTIF(B54,"*นราธิวาส*"),COUNTIF(B54,"*บึงกาฬ*"),COUNTIF(B54,"*พังงา*"),COUNTIF(B54,"*ระนอง*"),COUNTIF(B54,"*สงขลา*")),4,0)) -> 0 | AM54: =_xlfn.XLOOKUP(group_data_final[[#This Row],[depot_code]],C:C,แผน68!D:D) -> 25892492 | AN54: 6661
... A73: สำนักงานทางหลวงที่ 6 (เพชรบูรณ์) | B73: ขท.เลยที่ 1 | C73: 554 | D73: {=_xlfn.LET(_xlpm.result,INDEX(ระยะทาง!C:C, MATCH(TRIM(C73), TRIM(ระยะทาง!$A:$A), 0)),IF(ISNUMBER(SEARCH("-", _xlpm.result)), 0, _xlpm.result))} -> 813.499 | E73: {=_xlfn.LET(_xlpm.result,INDEX(ระยะทาง!D:D, MATCH(TRIM($C73), TRIM(ระยะทาง!$A:$A), 0)),IF(ISNUMBER(SEARCH("-", _xlpm.result)), 0, _xlpm.result))} -> 1741306985 | F73: 420939666 | G73: 2.5169231 | H73: 432.062 | I73: 2 | J73: 6 | K73: 2.6153846 | L73: 3.909 | M73: 5 | N73: 19.147 | O73: 2 | P73: 6 | Q73: 3.5 | R73: 3 | S73: 5 | T73: 37317 | U73: 0 | V73: 47183.28 | W73: 554932.5 | X73: 117604.54 | Y73: 90622 | Z73: 287.75692 | AA73: 1771.1852 | AB73: 0.011174729 | AC73: 29.899734 | AD73: =D73*'ราคาต้นทุน (Asset)'!$E$1 -> 48809940 | AE73: {=_xlfn.LET(_xlpm.result,INDEX(ASSET!U:U, MATCH(TRIM($C73), TRIM(ASSET!$A:$A), 0)),IF(ISNUMBER(SEARCH("-", _xlpm.result)), 0, _xlpm.result))} -> 3297500 | AF73: =group_data_final[[#This Row],[ค่าบำรุงจุดกางเต็นท์]]/300000 -> 0 | AG73: {=_xlfn.LET(_xlpm.result,INDEX(ราคาค่าบำรุง!D:D, MATCH(TRIM($C73), TRIM(ราคาค่าบำรุง!$A:$A), 0)),IF(ISNUMBER(SEARCH("-", _xlpm.result)), 0, _xlpm.result))} -> 0 | AH73: =group_data_final[[#This Row],[ค่าบำรุงจุดพักรถ]]/300000 -> 2 | AI73: {=_xlfn.LET(_xlpm.result,INDEX(ราคาค่าบำรุง!F:F, MATCH(TRIM($C73), TRIM(ราคาค่าบำรุง!$A:$A), 0)),IF(ISNUMBER(SEARCH("-", _xlpm.result)), 0, _xlpm.result))} -> 600000 | AJ73: =group_data_final[[#This Row],[ค่าบำรุงภูมิสถาปัตย์]]/300000 -> 1 | AK73: {=_xlfn.LET(_xlpm.result,INDEX(ราคาค่าบำรุง!H:H, MATCH(TRIM($C73), TRIM(ราคาค่าบำรุง!$A:$A), 0)),IF(ISNUMBER(SEARCH("-", _xlpm.result)), 0, _xlpm.result))} -> 300000 | AL73: =IF(OR(COUNTIF(B73,"*กระบี่*"),COUNTIF(B73,"*จันทบุรี*"),COUNTIF(B73,"*ชุมพร*"),COUNTIF(B73,"*เชียงราย*"),COUNTIF(B73,"*ตรัง*"),COUNTIF(B73,"*นครนายก*"),COUNTIF(B73,"*ปราจีนบุรี*"),COUNTIF(B73,"*พัทลุง*"),COUNTIF(B73,"*ภูเก็ต*"),COUNTIF(B73,"*ยะลา*"),COUNTIF(B73,"*สกลนคร*"),COUNTIF(B73,"*สตูล*"),COUNTIF(B73,"*หนองคาย*"),COUNTIF(B73,"*สุราษฎร์ธานี*"),COUNTIF(B73,"*ปัตตานี*")),2, IF(OR(COUNTIF(B73,"*ตราด*"),COUNTIF(B73,"*นครพนม*"),COUNTIF(B73,"*นครศรีธรรมราช*"),COUNTIF(B73,"*นราธิวาส*"),COUNTIF(B73,"*บึงกาฬ*"),COUNTIF(B73,"*พังงา*"),COUNTIF(B73,"*ระนอง*"),COUNTIF(B73,"*สงขลา*")),4,0)) -> 0 | AM73: =_xlfn.XLOOKUP(group_data_final[[#This Row],[depot_code]],C:C,แผน68!D:D) -> 27207524 | AN73: 4814.6
A74: สำนักงานทางหลวงที่ 6 (เพชรบูรณ์) | B74: ขท.เลยที่ 2 (ด่านซ้าย) | C74: 555 | D74: {=_xlfn.LET(_xlpm.result,INDEX(ระยะทาง!C:C, MATCH(TRIM(C74), TRIM(ระยะทาง!$A:$A), 0)),IF(ISNUMBER(SEARCH("-", _xlpm.result)), 0, _xlpm.result))} -> 575.2 | E74: {=_xlfn.LET(_xlpm.result,INDEX(ระยะทาง!D:D, MATCH(TRIM($C74), TRIM(ระยะทาง!$A:$A), 0)),IF(ISNUMBER(SEARCH("-", _xlpm.result)), 0, _xlpm.result))} -> 2088006501 | F74: 2056826667 | G74: 2.5479167 | H74: 273.387 | I74: 2 | J74: 6 | K74: 2.3333333 | L74: 3.5 | M74: 4.468 | N74: 0 | T74: 0 | U74: 0 | V74: 3555.06 | W74: 406 | X74: 1210 | Y74: 2562.509 | Z74: 452.22132 | AA74: 7765.9359 | AB74: -0.29094721 | AC74: 65.468116 | AD74: =D74*'ราคาต้นทุน (Asset)'!$E$1 -> 34512000 | AE74: {=_xlfn.LET(_xlpm.result,INDEX(ASSET!U:U, MATCH(TRIM($C74), TRIM(ASSET!$A:$A), 0)),IF(ISNUMBER(SEARCH("-", _xlpm.result)), 0, _xlpm.result))} -> 1639700 | AF74: =group_data_final[[#This Row],[ค่าบำรุงจุดกางเต็นท์]]/300000 -> 0 | AG74: {=_xlfn.LET(_xlpm.result,INDEX(ราคาค่าบำรุง!D:D, MATCH(TRIM($C74), TRIM(ราคาค่าบำรุง!$A:$A), 0)),IF(ISNUMBER(SEARCH("-", _xlpm.result)), 0, _xlpm.result))} -> 0 | AH74: =group_data_final[[#This Row],[ค่าบำรุงจุดพักรถ]]/300000 -> 2 | AI74: {=_xlfn.LET(_xlpm.result,INDEX(ราคาค่าบำรุง!F:F, MATCH(TRIM($C74), TRIM(ราคาค่าบำรุง!$A:$A), 0)),IF(ISNUMBER(SEARCH("-", _xlpm.result)), 0, _xlpm.result))} -> 600000 | AJ74: =group_data_final[[#This Row],[ค่าบำรุงภูมิสถาปัตย์]]/300000 -> 0 | AK74: {=_xlfn.LET(_xlpm.result,INDEX(ราคาค่าบำรุง!H:H, MATCH(TRIM($C74), TRIM(ราคาค่าบำรุง!$A:$A), 0)),IF(ISNUMBER(SEARCH("-", _xlpm.result)), 0, _xlpm.result))} -> 0 | AL74: =IF(OR(COUNTIF(B74,"*กระบี่*"),COUNTIF(B74,"*จันทบุรี*"),COUNTIF(B74,"*ชุมพร*"),COUNTIF(B74,"*เชียงราย*"),COUNTIF(B74,"*ตรัง*"),COUNTIF(B74,"*นครนายก*"),COUNTIF(B74,"*ปราจีนบุรี*"),COUNTIF(B74,"*พัทลุง*"),COUNTIF(B74,"*ภูเก็ต*"),COUNTIF(B74,"*ยะลา*"),COUNTIF(B74,"*สกลนคร*"),COUNTIF(B74,"*สตูล*"),COUNTIF(B74,"*หนองคาย*"),COUNTIF(B74,"*สุราษฎร์ธานี*"),COUNTIF(B74,"*ปัตตานี*")),2, IF(OR(COUNTIF(B74,"*ตราด*"),COUNTIF(B74,"*นครพนม*"),COUNTIF(B74,"*นครศรีธรรมราช*"),COUNTIF(B74,"*นราธิวาส*"),COUNTIF(B74,"*บึงกาฬ*"),COUNTIF(B74,"*พังงา*"),COUNTIF(B74,"*ระนอง*"),COUNTIF(B74,"*สงขลา*")),4,0)) -> 0 | AM74: =_xlfn.XLOOKUP(group_data_final[[#This Row],[depot_code]],C:C,แผน68!D:D) -> 8083728 | AN74: 3574.7
A75: สำนักงานทางหลวงที่ 5 (พิษณุโลก) | B75: ขท.อุตรดิตถ์ที่ 1 | C75: 557 | D75: {=_xlfn.LET(_xlpm.result,INDEX(ระยะทาง!C:C, MATCH(TRIM(C75), TRIM(ระยะทาง!$A:$A), 0)),IF(ISNUMBER(SEARCH("-", _xlpm.result)), 0, _xlpm.result))} -> 590.948 | E75: {=_xlfn.LET(_xlpm.result,INDEX(ระยะทาง!D:D, MATCH(TRIM($C75), TRIM(ระยะทาง!$A:$A), 0)),IF(ISNUMBER(SEARCH("-", _xlpm.result)), 0, _xlpm.result))} -> 11084323979 | F75: 1152557666 | G75: 2.4035833 | H75: 200.854 | I75: 1 | J75: 4 | K75: 2.8333333 | L75: 3.5 | M75: 5 | N75: 27.724 | O75: 1 | P75: 6 | Q75: 4 | R75: 3.5 | S75: 5 | T75: 0 | U75: 0 | V75: 56404.819 | W75: 11892.4 | X75: 105120.97 | Y75: 53196 | Z75: 71.460185 | AA75: 210.32485 | AB75: 0.088641566 | AC75: 11.616771 | AD75: =D75*'ราคาต้นทุน (Asset)'!$E$1 -> 35456880 | AE75: {=_xlfn.LET(_xlpm.result,INDEX(ASSET!U:U, MATCH(TRIM($C75), TRIM(ASSET!$A:$A), 0)),IF(ISNUMBER(SEARCH("-", _xlpm.result)), 0, _xlpm.result))} -> 2839800 | AF75: =group_data_final[[#This Row],[ค่าบำรุงจุดกางเต็นท์]]/300000 -> 0 | AG75: {=_xlfn.LET(_xlpm.result,INDEX(ราคาค่าบำรุง!D:D, MATCH(TRIM($C75), TRIM(ราคาค่าบำรุง!$A:$A), 0)),IF(ISNUMBER(SEARCH("-", _xlpm.result)), 0, _xlpm.result))} -> 0 | AH75: =group_data_final[[#This Row],[ค่าบำรุงจุดพักรถ]]/300000 -> 1 | AI75: {=_xlfn.LET(_xlpm.result,INDEX(ราคาค่าบำรุง!F:F, MATCH(TRIM($C75), TRIM(ราคาค่าบำรุง!$A:$A), 0)),IF(ISNUMBER(SEARCH("-", _xlpm.result)), 0, _xlpm.result))} -> 300000 | AJ75: =group_data_final[[#This Row],[ค่าบำรุงภูมิสถาปัตย์]]/300000 -> 0 | AK75: {=_xlfn.LET(_xlpm.result,INDEX(ราคาค่าบำรุง!H:H, MATCH(TRIM($C75), TRIM(ราคาค่าบำรุง!$A:$A), 0)),IF(ISNUMBER(SEARCH("-", _xlpm.result)), 0, _xlpm.result))} -> 0 | AL75: =IF(OR(COUNTIF(B75,"*กระบี่*"),COUNTIF(B75,"*จันทบุรี*"),COUNTIF(B75,"*ชุมพร*"),COUNTIF(B75,"*เชียงราย*"),COUNTIF(B75,"*ตรัง*"),COUNTIF(B75,"*นครนายก*"),COUNTIF(B75,"*ปราจีนบุรี*"),COUNTIF(B75,"*พัทลุง*"),COUNTIF(B75,"*ภูเก็ต*"),COUNTIF(B75,"*ยะลา*"),COUNTIF(B75,"*สกลนคร*"),COUNTIF(B75,"*สตูล*"),COUNTIF(B75,"*หนองคาย*"),COUNTIF(B75,"*สุราษฎร์ธานี*"),COUNTIF(B75,"*ปัตตานี*")),2, IF(OR(COUNTIF(B75,"*ตราด*"),COUNTIF(B75,"*นครพนม*"),COUNTIF(B75,"*นครศรีธรรมราช*"),COUNTIF(B75,"*นราธิวาส*"),COUNTIF(B75,"*บึงกาฬ*"),COUNTIF(B75,"*พังงา*"),COUNTIF(B75,"*ระนอง*"),COUNTIF(B75,"*สงขลา*")),4,0)) -> 0 | AM75: =_xlfn.XLOOKUP(group_data_final[[#This Row],[depot_code]],C:C,แผน68!D:D) -> 10721782 | AN75: 7473.51
A76: สำนักงานทางหลวงที่ 5 (พิษณุโลก) | B76: ขท.อุตรดิตถ์ที่ 2 | C76: 558 | D76: {=_xlfn.LET(_xlpm.result,INDEX(ระยะทาง!C:C, MATCH(TRIM(C76), TRIM(ระยะทาง!$A:$A), 0)),IF(ISNUMBER(SEARCH("-", _xlpm.result)), 0, _xlpm.result))} -> 556.34 | E76: {=_xlfn.LET(_xlpm.result,INDEX(ระยะทาง!D:D, MATCH(TRIM($C76), TRIM(ระยะทาง!$A:$A), 0)),IF(ISNUMBER(SEARCH("-", _xlpm.result)), 0, _xlpm.result))} -> 3153060566 | F76: 2451085017 | G76: 2.4648 | H76: 452.898 | I76: 2 | J76: 4 | K76: 2.4666667 | L76: 3.5 | M76: 5.041 | N76: 0 | T76: 0 | U76: 1310 | V76: 13383.75 | W76: 3345.8 | X76: 38438.4 | Y76: 64819 | Z76: 264.43765 | AA76: 5862.322 | AB76: 0.32503177 | AC76: 71.155075 | AD76: =D76*'ราคาต้นทุน (Asset)'!$E$1 -> 33380400 | AE76: {=_xlfn.LET(_xlpm.result,INDEX(ASSET!U:U, MATCH(TRIM($C76), TRIM(ASSET!$A:$A), 0)),IF(ISNUMBER(SEARCH("-", _xlpm.result)), 0, _xlpm.result))} -> 1340300 | AF76: =group_data_final[[#This Row],[ค่าบำรุงจุดกางเต็นท์]]/300000 -> 4 | AG76: {=_xlfn.LET(_xlpm.result,INDEX(ราคาค่าบำรุง!D:D, MATCH(TRIM($C76), TRIM(ราคาค่าบำรุง!$A:$A), 0)),IF(ISNUMBER(SEARCH("-", _xlpm.result)), 0, _xlpm.result))} -> 1200000 | AH76: =group_data_final[[#This Row],[ค่าบำรุงจุดพักรถ]]/300000 -> 0 | AI76: {=_xlfn.LET(_xlpm.result,INDEX(ราคาค่าบำรุง!F:F, MATCH(TRIM($C76), TRIM(ราคาค่าบำรุง!$A:$A), 0)),IF(ISNUMBER(SEARCH("-", _xlpm.result)), 0, _xlpm.result))} -> 0 | AJ76: =group_data_final[[#This Row],[ค่าบำรุงภูมิสถาปัตย์]]/300000 -> 1 | AK76: {=_xlfn.LET(_xlpm.result,INDEX(ราคาค่าบำรุง!H:H, MATCH(TRIM($C76), TRIM(ราคาค่าบำรุง!$A:$A), 0)),IF(ISNUMBER(SEARCH("-", _xlpm.result)), 0, _xlpm.result))} -> 300000 | AL76: =IF(OR(COUNTIF(B76,"*กระบี่*"),COUNTIF(B76,"*จันทบุรี*"),COUNTIF(B76,"*ชุมพร*"),COUNTIF(B76,"*เชียงราย*"),COUNTIF(B76,"*ตรัง*"),COUNTIF(B76,"*นครนายก*"),COUNTIF(B76,"*ปราจีนบุรี*"),COUNTIF(B76,"*พัทลุง*"),COUNTIF(B76,"*ภูเก็ต*"),COUNTIF(B76,"*ยะลา*"),COUNTIF(B76,"*สกลนคร*"),COUNTIF(B76,"*สตูล*"),COUNTIF(B76,"*หนองคาย*"),COUNTIF(B76,"*สุราษฎร์ธานี*"),COUNTIF(B76,"*ปัตตานี*")),2, IF(OR(COUNTIF(B76,"*ตราด*"),COUNTIF(B76,"*นครพนม*"),COUNTIF(B76,"*นครศรีธรรมราช*"),COUNTIF(B76,"*นราธิวาส*"),COUNTIF(B76,"*บึงกาฬ*"),COUNTIF(B76,"*พังงา*"),COUNTIF(B76,"*ระนอง*"),COUNTIF(B76,"*สงขลา*")),4,0)) -> 0 | AM76: =_xlfn.XLOOKUP(group_data_final[[#This Row],[depot_code]],C:C,แผน68!D:D) -> 13851184 | AN76: 5151
A77: สำนักงานทางหลวงที่ 10 (นครราชสีมา) | B77: ขท.นครราชสีมาที่ 1 | C77: 611 | D77: {=_xlfn.LET(_xlpm.result,INDEX(ระยะทาง!C:C, MATCH(TRIM(C77), TRIM(ระยะทาง!$A:$A), 0)),IF(ISNUMBER(SEARCH("-", _xlpm.result)), 0, _xlpm.result))} -> 1080.326 | E77: {=_xlfn.LET(_xlpm.result,INDEX(ระยะทาง!D:D, MATCH(TRIM($C77), TRIM(ระยะทาง!$A:$A), 0)),IF(ISNUMBER(SEARCH("-", _xlpm.result)), 0, _xlpm.result))} -> 4375632215 | F77: 344806442 | G77: 2.4710526 | H77: 502.007 | I77: 2 | J77: 8 | K77: 3.5555556 | L77: 3.5 | M77: 5 | N77: 111.65 | O77: 2 | P77: 8 | Q77: 4.3333333 | R77: 3.46875 | S77: 4.173 | T77: 0 | U77: 0 | V77: 114119.56 | W77: 19813.1 | X77: 165492.7 | Y77: 60872.249 | Z77: 175.81305 | AA77: 90.309541 | AB77: -0.18076193 | AC77: 15.111284 | AD77: =D77*'ราคาต้นทุน (Asset)'!$E$1 -> 64819560 | AE77: {=_xlfn.LET(_xlpm.result,INDEX(ASSET!U:U, MATCH(TRIM($C77), TRIM(ASSET!$A:$A), 0)),IF(ISNUMBER(SEARCH("-", _xlpm.result)), 0, _xlpm.result))} -> 5541500 | AF77: =group_data_final[[#This Row],[ค่าบำรุงจุดกางเต็นท์]]/300000 -> 0 | AG77: {=_xlfn.LET(_xlpm.result,INDEX(ราคาค่าบำรุง!D:D, MATCH(TRIM($C77), TRIM(ราคาค่าบำรุง!$A:$A), 0)),IF(ISNUMBER(SEARCH("-", _xlpm.result)), 0, _xlpm.result))} -> 0 | AH77: =group_data_final[[#This Row],[ค่าบำรุงจุดพักรถ]]/300000 -> 4 | AI77: {=_xlfn.LET(_xlpm.result,INDEX(ราคาค่าบำรุง!F:F, MATCH(TRIM($C77), TRIM(ราคาค่าบำรุง!$A:$A), 0)),IF(ISNUMBER(SEARCH("-", _xlpm.result)), 0, _xlpm.result))} -> 1200000 | AJ77: =group_data_final[[#This Row],[ค่าบำรุงภูมิสถาปัตย์]]/300000 -> 2 | AK77: {=_xlfn.LET(_xlpm.result,INDEX(ราคาค่าบำรุง!H:H, MATCH(TRIM($C77), TRIM(ราคาค่าบำรุง!$A:$A), 0)),IF(ISNUMBER(SEARCH("-", _xlpm.result)), 0, _xlpm.result))} -> 600000 | AL77: =IF(OR(COUNTIF(B77,"*กระบี่*"),COUNTIF(B77,"*จันทบุรี*"),COUNTIF(B77,"*ชุมพร*"),COUNTIF(B77,"*เชียงราย*"),COUNTIF(B77,"*ตรัง*"),COUNTIF(B77,"*นครนายก*"),COUNTIF(B77,"*ปราจีนบุรี*"),COUNTIF(B77,"*พัทลุง*"),COUNTIF(B77,"*ภูเก็ต*"),COUNTIF(B77,"*ยะลา*"),COUNTIF(B77,"*สกลนคร*"),COUNTIF(B77,"*สตูล*"),COUNTIF(B77,"*หนองคาย*"),COUNTIF(B77,"*สุราษฎร์ธานี*"),COUNTIF(B77,"*ปัตตานี*")),2, IF(OR(COUNTIF(B77,"*ตราด*"),COUNTIF(B77,"*นครพนม*"),COUNTIF(B77,"*นครศรีธรรมราช*"),COUNTIF(B77,"*นราธิวาส*"),COUNTIF(B77,"*บึงกาฬ*"),COUNTIF(B77,"*พังงา*"),COUNTIF(B77,"*ระนอง*"),COUNTIF(B77,"*สงขลา*")),4,0)) -> 0 | AM77: =_xlfn.XLOOKUP(group_data_final[[#This Row],[depot_code]],C:C,แผน68!D:D) -> 13414190 | AN77: 6868.54
A78: สำนักงานทางหลวงที่ 10 (นครราชสีมา) | B78: ขท.นครราชสีมาที่ 2 | C78: 612 | D78: {=_xlfn.LET(_xlpm.result,INDEX(ระยะทาง!C:C, MATCH(TRIM(C78), TRIM(ระยะทาง!$A:$A), 0)),IF(ISNUMBER(SEARCH("-", _xlpm.result)), 0, _xlpm.result))} -> 1055.279 | E78: {=_xlfn.LET(_xlpm.result,INDEX(ระยะทาง!D:D, MATCH(TRIM($C78), TRIM(ระยะทาง!$A:$A), 0)),IF(ISNUMBER(SEARCH("-", _xlpm.result)), 0, _xlpm.result))} -> 1972540463 | F78: 232449548 | G78: 3.0019412 | H78: 474.975 | I78: 1 | J78: 8 | K78: 4.5384615 | L78: 3.5 | M78: 5.5 | N78: 185.731 | O78: 1 | P78: 9 | Q78: 4.2857143 | R78: 3.5 | S78: 5.25 | T78: 0 | U78: 120000 | V78: 105544.62 | W78: 0 | X78: 129374.7 | Y78: 173833.62 | Z78: 255.58276 | AA78: 606.5348 | AB78: -0.11203739 | AC78: 9.6135369 | AD78: =D78*'ราคาต้นทุน (Asset)'!$E$1 -> 63316740 | AE78: {=_xlfn.LET(_xlpm.result,INDEX(ASSET!U:U, MATCH(TRIM($C78), TRIM(ASSET!$A:$A), 0)),IF(ISNUMBER(SEARCH("-", _xlpm.result)), 0, _xlpm.result))} -> 3197800 | AF78: =group_data_final[[#This Row],[ค่าบำรุงจุดกางเต็นท์]]/300000 -> 0 | AG78: {=_xlfn.LET(_xlpm.result,INDEX(ราคาค่าบำรุง!D:D, MATCH(TRIM($C78), TRIM(ราคาค่าบำรุง!$A:$A), 0)),IF(ISNUMBER(SEARCH("-", _xlpm.result)), 0, _xlpm.result))} -> 0 | AH78: =group_data_final[[#This Row],[ค่าบำรุงจุดพักรถ]]/300000 -> 2 | AI78: {=_xlfn.LET(_xlpm.result,INDEX(ราคาค่าบำรุง!F:F, MATCH(TRIM($C78), TRIM(ราคาค่าบำรุง!$A:$A), 0)),IF(ISNUMBER(SEARCH("-", _xlpm.result)), 0, _xlpm.result))} -> 600000 | AJ78: =group_data_final[[#This Row],[ค่าบำรุงภูมิสถาปัตย์]]/300000 -> 0 | AK78: {=_xlfn.LET(_xlpm.result,INDEX(ราคาค่าบำรุง!H:H, MATCH(TRIM($C78), TRIM(ราคาค่าบำรุง!$A:$A), 0)),IF(ISNUMBER(SEARCH("-", _xlpm.result)), 0, _xlpm.result))} -> 0 | AL78: =IF(OR(COUNTIF(B78,"*กระบี่*"),COUNTIF(B78,"*จันทบุรี*"),COUNTIF(B78,"*ชุมพร*"),COUNTIF(B78,"*เชียงราย*"),COUNTIF(B78,"*ตรัง*"),COUNTIF(B78,"*นครนายก*"),COUNTIF(B78,"*ปราจีนบุรี*"),COUNTIF(B78,"*พัทลุง*"),COUNTIF(B78,"*ภูเก็ต*"),COUNTIF(B78,"*ยะลา*"),COUNTIF(B78,"*สกลนคร*"),COUNTIF(B78,"*สตูล*"),COUNTIF(B78,"*หนองคาย*"),COUNTIF(B78,"*สุราษฎร์ธานี*"),COUNTIF(B78,"*ปัตตานี*")),2, IF(OR(COUNTIF(B78,"*ตราด*"),COUNTIF(B78,"*นครพนม*"),COUNTIF(B78,"*นครศรีธรรมราช*"),COUNTIF(B78,"*นราธิวาส*"),COUNTIF(B78,"*บึงกาฬ*"),COUNTIF(B78,"*พังงา*"),COUNTIF(B78,"*ระนอง*"),COUNTIF(B78,"*สงขลา*")),4,0)) -> 0 | AM78: =_xlfn.XLOOKUP(group_data_final[[#This Row],[depot_code]],C:C,แผน68!D:D) -> 4604279.5 | AN78: 12392.234
A79: สำนักงานทางหลวงที่ 10 (นครราชสีมา) | B79: ขท.นครราชสีมาที่ 3 | C79: 614 | D79: {=_xlfn.LET(_xlpm.result,INDEX(ระยะทาง!C:C, MATCH(TRIM(C79), TRIM(ระยะทาง!$A:$A), 0)),IF(ISNUMBER(SEARCH("-", _xlpm.result)), 0, _xlpm.result))} -> 944.634 | E79: {=_xlfn.LET(_xlpm.result,INDEX(ระยะทาง!D:D, MATCH(TRIM($C79), TRIM(ระยะทาง!$A:$A), 0)),IF(ISNUMBER(SEARCH("-", _xlpm.result)), 0, _xlpm.result))} -> 2242280309 | F79: 185693174 | G79: 2.619 | H79: 589.991 | I79: 1 | J79: 8 | K79: 3.7 | L79: 3.5 | M79: 5 | N79: 118.879 | O79: 4 | P79: 9 | Q79: 4.5555556 | R79: 3.5 | S79: 4.4 | T79: 68554.4 | U79: 0 | V79: 56317.86 | W79: 680.8 | X79: 117565.27 | Y79: 71904.27 | Z79: 222.34115 | AA79: 675.72059 | AB79: 0.063788892 | AC79: 11.492167 | AD79: =D79*'ราคาต้นทุน (Asset)'!$E$1 -> 56678040 | AE79: {=_xlfn.LET(_xlpm.result,INDEX(ASSET!U:U, MATCH(TRIM($C79), TRIM(ASSET!$A:$A), 0)),IF(ISNUMBER(SEARCH("-", _xlpm.result)), 0, _xlpm.result))} -> 3801500 | AF79: =group_data_final[[#This Row],[ค่าบำรุงจุดกางเต็นท์]]/300000 -> 2 | AG79: {=_xlfn.LET(_xlpm.result,INDEX(ราคาค่าบำรุง!D:D, MATCH(TRIM($C79), TRIM(ราคาค่าบำรุง!$A:$A), 0)),IF(ISNUMBER(SEARCH("-", _xlpm.result)), 0, _xlpm.result))} -> 600000 | AH79: =group_data_final[[#This Row],[ค่าบำรุงจุดพักรถ]]/300000 -> 3 | AI79: {=_xlfn.LET(_xlpm.result,INDEX(ราคาค่าบำรุง!F:F, MATCH(TRIM($C79), TRIM(ราคาค่าบำรุง!$A:$A), 0)),IF(ISNUMBER(SEARCH("-", _xlpm.result)), 0, _xlpm.result))} -> 900000 | AJ79: =group_data_final[[#This Row],[ค่าบำรุงภูมิสถาปัตย์]]/300000 -> 3 | AK79: {=_xlfn.LET(_xlpm.result,INDEX(ราคาค่าบำรุง!H:H, MATCH(TRIM($C79), TRIM(ราคาค่าบำรุง!$A:$A), 0)),IF(ISNUMBER(SEARCH("-", _xlpm.result)), 0, _xlpm.result))} -> 900000 | AL79: =IF(OR(COUNTIF(B79,"*กระบี่*"),COUNTIF(B79,"*จันทบุรี*"),COUNTIF(B79,"*ชุมพร*"),COUNTIF(B79,"*เชียงราย*"),COUNTIF(B79,"*ตรัง*"),COUNTIF(B79,"*นครนายก*"),COUNTIF(B79,"*ปราจีนบุรี*"),COUNTIF(B79,"*พัทลุง*"),COUNTIF(B79,"*ภูเก็ต*"),COUNTIF(B79,"*ยะลา*"),COUNTIF(B79,"*สกลนคร*"),COUNTIF(B79,"*สตูล*"),COUNTIF(B79,"*หนองคาย*"),COUNTIF(B79,"*สุราษฎร์ธานี*"),COUNTIF(B79,"*ปัตตานี*")),2, IF(OR(COUNTIF(B79,"*ตราด*"),COUNTIF(B79,"*นครพนม*"),COUNTIF(B79,"*นครศรีธรรมราช*"),COUNTIF(B79,"*นราธิวาส*"),COUNTIF(B79,"*บึงกาฬ*"),COUNTIF(B79,"*พังงา*"),COUNTIF(B79,"*ระนอง*"),COUNTIF(B79,"*สงขลา*")),4,0)) -> 0 | AM79: =_xlfn.XLOOKUP(group_data_final[[#This Row],[depot_code]],C:C,แผน68!D:D) -> 8886123.1 | AN79: 5434
A80: สำนักงานทางหลวงที่ 9 (อุบลราชธานี) | B80: ขท.สุรินทร์ | C80: 615 | D80: {=_xlfn.LET(_xlpm.result,INDEX(ระยะทาง!C:C, MATCH(TRIM(C80), TRIM(ระยะทาง!$A:$A), 0)),IF(ISNUMBER(SEARCH("-", _xlpm.result)), 0, _xlpm.result))} -> 1493.094 | E80: {=_xlfn.LET(_xlpm.result,INDEX(ระยะทาง!D:D, MATCH(TRIM($C80), TRIM(ระยะทาง!$A:$A), 0)),IF(ISNUMBER(SEARCH("-", _xlpm.result)), 0, _xlpm.result))} -> 1213262311 | F80: 226788756 | G80: 2.4900435 | H80: 862.726 | I80: 2 | J80: 8 | K80: 3.826087 | L80: 3.5 | M80: 5 | N80: 21.504 | O80: 2 | P80: 8 | Q80: 4.7272727 | R80: 3.5 | S80: 5 | T80: 4000 | U80: 0 | V80: 212343.6 | W80: 299 | X80: 214384.65 | Y80: 157702 | Z80: 140.33291 | AA80: 59.937133 | AB80: 0.012444034 | AC80: 8.1709412 | AD80: =D80*'ราคาต้นทุน (Asset)'!$E$1 -> 89585640 | AE80: {=_xlfn.LET(_xlpm.result,INDEX(ASSET!U:U, MATCH(TRIM($C80), TRIM(ASSET!$A:$A), 0)),IF(ISNUMBER(SEARCH("-", _xlpm.result)), 0, _xlpm.result))} -> 5935100 | AF80: =group_data_final[[#This Row],[ค่าบำรุงจุดกางเต็นท์]]/300000 -> 0 | AG80: {=_xlfn.LET(_xlpm.result,INDEX(ราคาค่าบำรุง!D:D, MATCH(TRIM($C80), TRIM(ราคาค่าบำรุง!$A:$A), 0)),IF(ISNUMBER(SEARCH("-", _xlpm.result)), 0, _xlpm.result))} -> 0 | AH80: =group_data_final[[#This Row],[ค่าบำรุงจุดพักรถ]]/300000 -> 1 | AI80: {=_xlfn.LET(_xlpm.result,INDEX(ราคาค่าบำรุง!F:F, MATCH(TRIM($C80), TRIM(ราคาค่าบำรุง!$A:$A), 0)),IF(ISNUMBER(SEARCH("-", _xlpm.result)), 0, _xlpm.result))} -> 300000 | AJ80: =group_data_final[[#This Row],[ค่าบำรุงภูมิสถาปัตย์]]/300000 -> 0 | AK80: {=_xlfn.LET(_xlpm.result,INDEX(ราคาค่าบำรุง!H:H, MATCH(TRIM($C80), TRIM(ราคาค่าบำรุง!$A:$A), 0)),IF(ISNUMBER(SEARCH("-", _xlpm.result)), 0, _xlpm.result))} -> 0 | AL80: =IF(OR(COUNTIF(B80,"*กระบี่*"),COUNTIF(B80,"*จันทบุรี*"),COUNTIF(B80,"*ชุมพร*"),COUNTIF(B80,"*เชียงราย*"),COUNTIF(B80,"*ตรัง*"),COUNTIF(B80,"*นครนายก*"),COUNTIF(B80,"*ปราจีนบุรี*"),COUNTIF(B80,"*พัทลุง*"),COUNTIF(B80,"*ภูเก็ต*"),COUNTIF(B80,"*ยะลา*"),COUNTIF(B80,"*สกลนคร*"),COUNTIF(B80,"*สตูล*"),COUNTIF(B80,"*หนองคาย*"),COUNTIF(B80,"*สุราษฎร์ธานี*"),COUNTIF(B80,"*ปัตตานี*")),2, IF(OR(COUNTIF(B80,"*ตราด*"),COUNTIF(B80,"*นครพนม*"),COUNTIF(B80,"*นครศรีธรรมราช*"),COUNTIF(B80,"*นราธิวาส*"),COUNTIF(B80,"*บึงกาฬ*"),COUNTIF(B80,"*พังงา*"),COUNTIF(B80,"*ระนอง*"),COUNTIF(B80,"*สงขลา*")),4,0)) -> 0 | AM80: =_xlfn.XLOOKUP(group_data_final[[#This Row],[depot_code]],C:C,แผน68!D:D) -> 16635212 | AN80: 7425.37
A81: สำนักงานทางหลวงที่ 10 (นครราชสีมา) | B81: ขท.บุรีรัมย์ | C81: 617 | D81: {=_xlfn.LET(_xlpm.result,INDEX(ระยะทาง!C:C, MATCH(TRIM(C81), TRIM(ระยะทาง!$A:$A), 0)),IF(ISNUMBER(SEARCH("-", _xlpm.result)), 0, _xlpm.result))} -> 1498.98 | E81: {=_xlfn.LET(_xlpm.result,INDEX(ระยะทาง!D:D, MATCH(TRIM($C81), TRIM(ระยะทาง!$A:$A), 0)),IF(ISNUMBER(SEARCH("-", _xlpm.result)), 0, _xlpm.result))} -> 1806719389 | F81: 75470489 | G81: 2.3909565 | H81: 764.487 | I81: 2 | J81: 10 | K81: 4.173913 | L81: 3.5 | M81: 5 | N81: 28.007 | O81: 2 | P81: 8 | Q81: 5.4545455 | R81: 3.5 | S81: 4.3333333 | T81: 0 | U81: 0 | V81: 134386.09 | W81: 1448.3 | X81: 212967.13 | Y81: 226323 | Z81: 175.65131 | AA81: 148.11439 | AB81: -0.011541128 | AC81: 7.1416487 | AD81: =D81*'ราคาต้นทุน (Asset)'!$E$1 -> 89938800 | AE81: {=_xlfn.LET(_xlpm.result,INDEX(ASSET!U:U, MATCH(TRIM($C81), TRIM(ASSET!$A:$A), 0)),IF(ISNUMBER(SEARCH("-", _xlpm.result)), 0, _xlpm.result))} -> 5844500 | AF81: =group_data_final[[#This Row],[ค่าบำรุงจุดกางเต็นท์]]/300000 -> 3 | AG81: {=_xlfn.LET(_xlpm.result,INDEX(ราคาค่าบำรุง!D:D, MATCH(TRIM($C81), TRIM(ราคาค่าบำรุง!$A:$A), 0)),IF(ISNUMBER(SEARCH("-", _xlpm.result)), 0, _xlpm.result))} -> 900000 | AH81: =group_data_final[[#This Row],[ค่าบำรุงจุดพักรถ]]/300000 -> 1 | AI81: {=_xlfn.LET(_xlpm.result,INDEX(ราคาค่าบำรุง!F:F, MATCH(TRIM($C81), TRIM(ราคาค่าบำรุง!$A:$A), 0)),IF(ISNUMBER(SEARCH("-", _xlpm.result)), 0, _xlpm.result))} -> 300000 | AJ81: =group_data_final[[#This Row],[ค่าบำรุงภูมิสถาปัตย์]]/300000 -> 0 | AK81: {=_xlfn.LET(_xlpm.result,INDEX(ราคาค่าบำรุง!H:H, MATCH(TRIM($C81), TRIM(ราคาค่าบำรุง!$A:$A), 0)),IF(ISNUMBER(SEARCH("-", _xlpm.result)), 0, _xlpm.result))} -> 0 | AL81: =IF(OR(COUNTIF(B81,"*กระบี่*"),COUNTIF(B81,"*จันทบุรี*"),COUNTIF(B81,"*ชุมพร*"),COUNTIF(B81,"*เชียงราย*"),COUNTIF(B81,"*ตรัง*"),COUNTIF(B81,"*นครนายก*"),COUNTIF(B81,"*ปราจีนบุรี*"),COUNTIF(B81,"*พัทลุง*"),COUNTIF(B81,"*ภูเก็ต*"),COUNTIF(B81,"*ยะลา*"),COUNTIF(B81,"*สกลนคร*"),COUNTIF(B81,"*สตูล*"),COUNTIF(B81,"*หนองคาย*"),COUNTIF(B81,"*สุราษฎร์ธานี*"),COUNTIF(B81,"*ปัตตานี*")),2, IF(OR(COUNTIF(B81,"*ตราด*"),COUNTIF(B81,"*นครพนม*"),COUNTIF(B81,"*นครศรีธรรมราช*"),COUNTIF(B81,"*นราธิวาส*"),COUNTIF(B81,"*บึงกาฬ*"),COUNTIF(B81,"*พังงา*"),COUNTIF(B81,"*ระนอง*"),COUNTIF(B81,"*สงขลา*")),4,0)) -> 0 | AM81: =_xlfn.XLOOKUP(group_data_final[[#This Row],[depot_code]],C:C,แผน68!D:D) -> 5433140 | AN81: 5519.5
A82: สำนักงานทางหลวงที่ 10 (นครราชสีมา) | B82: ขท.ปราจีนบุรี | C82: 618 | D82: {=_xlfn.LET(_xlpm.result,INDEX(ระยะทาง!C:C, MATCH(TRIM(C82), TRIM(ระยะทาง!$A:$A), 0)),IF(ISNUMBER(SEARCH("-", _xlpm.result)), 0, _xlpm.result))} -> 880.744 | E82: {=_xlfn.LET(_xlpm.result,INDEX(ระยะทาง!D:D, MATCH(TRIM($C82), TRIM(ระยะทาง!$A:$A), 0)),IF(ISNUMBER(SEARCH("-", _xlpm.result)), 0, _xlpm.result))} -> 2193563902 | F82: 160530006 | G82: 2.689875 | H82: 461.631 | I82: 1 | J82: 8 | K82: 4.5 | L82: 3.5 | M82: 5 | N82: 101.775 | O82: 4 | P82: 8 | Q82: 5.25 | R82: 3.5 | S82: 4.984375 | T82: 0 | U82: 0 | V82: 55906.668 | W82: 3222.2 | X82: 116010.61 | Y82: 155027 | Z82: 11.242135 | AA82: 1257.8715 | AB82: 0.19059021 | AC82: 7.2674768 | AD82: =D82*'ราคาต้นทุน (Asset)'!$E$1 -> 52844640 | AE82: {=_xlfn.LET(_xlpm.result,INDEX(ASSET!U:U, MATCH(TRIM($C82), TRIM(ASSET!$A:$A), 0)),IF(ISNUMBER(SEARCH("-", _xlpm.result)), 0, _xlpm.result))} -> 4089100 | AF82: =group_data_final[[#This Row],[ค่าบำรุงจุดกางเต็นท์]]/300000 -> 0 | AG82: {=_xlfn.LET(_xlpm.result,INDEX(ราคาค่าบำรุง!D:D, MATCH(TRIM($C82), TRIM(ราคาค่าบำรุง!$A:$A), 0)),IF(ISNUMBER(SEARCH("-", _xlpm.result)), 0, _xlpm.result))} -> 0 | AH82: =group_data_final[[#This Row],[ค่าบำรุงจุดพักรถ]]/300000 -> 2 | AI82: {=_xlfn.LET(_xlpm.result,INDEX(ราคาค่าบำรุง!F:F, MATCH(TRIM($C82), TRIM(ราคาค่าบำรุง!$A:$A), 0)),IF(ISNUMBER(SEARCH("-", _xlpm.result)), 0, _xlpm.result))} -> 600000 | AJ82: =group_data_final[[#This Row],[ค่าบำรุงภูมิสถาปัตย์]]/300000 -> 4 | AK82: {=_xlfn.LET(_xlpm.result,INDEX(ราคาค่าบำรุง!H:H, MATCH(TRIM($C82), TRIM(ราคาค่าบำรุง!$A:$A), 0)),IF(ISNUMBER(SEARCH("-", _xlpm.result)), 0, _xlpm.result))} -> 1200000 | AL82: =IF(OR(COUNTIF(B82,"*กระบี่*"),COUNTIF(B82,"*จันทบุรี*"),COUNTIF(B82,"*ชุมพร*"),COUNTIF(B82,"*เชียงราย*"),COUNTIF(B82,"*ตรัง*"),COUNTIF(B82,"*นครนายก*"),COUNTIF(B82,"*ปราจีนบุรี*"),COUNTIF(B82,"*พัทลุง*"),COUNTIF(B82,"*ภูเก็ต*"),COUNTIF(B82,"*ยะลา*"),COUNTIF(B82,"*สกลนคร*"),COUNTIF(B82,"*สตูล*"),COUNTIF(B82,"*หนองคาย*"),COUNTIF(B82,"*สุราษฎร์ธานี*"),COUNTIF(B82,"*ปัตตานี*")),2, IF(OR(COUNTIF(B82,"*ตราด*"),COUNTIF(B82,"*นครพนม*"),COUNTIF(B82,"*นครศรีธรรมราช*"),COUNTIF(B82,"*นราธิวาส*"),COUNTIF(B82,"*บึงกาฬ*"),COUNTIF(B82,"*พังงา*"),COUNTIF(B82,"*ระนอง*"),COUNTIF(B82,"*สงขลา*")),4,0)) -> 2 | AM82: =_xlfn.XLOOKUP(group_data_final[[#This Row],[depot_code]],C:C,แผน68!D:D) -> 15085067 | AN82: 8958.1
A83: สำนักงานทางหลวงที่ 10 (นครราชสีมา) | B83: ขท.สระแก้ว (วัฒนานคร) | C83: 619 | D83: {=_xlfn.LET(_xlpm.result,INDEX(ระยะทาง!C:C, MATCH(TRIM(C83), TRIM(ระยะทาง!$A:$A), 0)),IF(ISNUMBER(SEARCH("-", _xlpm.result)), 0, _xlpm.result))} -> 1041.948 | E83: {=_xlfn.LET(_xlpm.result,INDEX(ระยะทาง!D:D, MATCH(TRIM($C83), TRIM(ระยะทาง!$A:$A), 0)),IF(ISNUMBER(SEARCH("-", _xlpm.result)), 0, _xlpm.result))} -> 1552894567 | F83: 343346638 | G83: 2.2766667 | H83: 418.493 | I83: 2 | J83: 8 | K83: 3.4444444 | L83: 3.5 | M83: 5 | N83: 1.498 | O83: 4 | P83: 4 | Q83: 4 | T83: 0 | U83: 0 | V83: 49508.05 | W83: 14279 | X83: 85722 | Y83: 41793 | Z83: 10.034872 | AA83: 233.879 | AB83: 0.072878695 | AC83: 9.9982838 | AD83: =D83*'ราคาต้นทุน (Asset)'!$E$1 -> 62516880 | AE83: {=_xlfn.LET(_xlpm.result,INDEX(ASSET!U:U, MATCH(TRIM($C83), TRIM(ASSET!$A:$A), 0)),IF(ISNUMBER(SEARCH("-", _xlpm.result)), 0, _xlpm.result))} -> 3479300 | AF83: =group_data_final[[#This Row],[ค่าบำรุงจุดกางเต็นท์]]/300000 -> 0 | AG83: {=_xlfn.LET(_xlpm.result,INDEX(ราคาค่าบำรุง!D:D, MATCH(TRIM($C83), TRIM(ราคาค่าบำรุง!$A:$A), 0)),IF(ISNUMBER(SEARCH("-", _xlpm.result)), 0, _xlpm.result))} -> 0 | AH83: =group_data_final[[#This Row],[ค่าบำรุงจุดพักรถ]]/300000 -> 1 | AI83: {=_xlfn.LET(_xlpm.result,INDEX(ราคาค่าบำรุง!F:F, MATCH(TRIM($C83), TRIM(ราคาค่าบำรุง!$A:$A), 0)),IF(ISNUMBER(SEARCH("-", _xlpm.result)), 0, _xlpm.result))} -> 300000 | AJ83: =group_data_final[[#This Row],[ค่าบำรุงภูมิสถาปัตย์]]/300000 -> 1 | AK83: {=_xlfn.LET(_xlpm.result,INDEX(ราคาค่าบำรุง!H:H, MATCH(TRIM($C83), TRIM(ราคาค่าบำรุง!$A:$A), 0)),IF(ISNUMBER(SEARCH("-", _xlpm.result)), 0, _xlpm.result))} -> 300000 | AL83: =IF(OR(COUNTIF(B83,"*กระบี่*"),COUNTIF(B83,"*จันทบุรี*"),COUNTIF(B83,"*ชุมพร*"),COUNTIF(B83,"*เชียงราย*"),COUNTIF(B83,"*ตรัง*"),COUNTIF(B83,"*นครนายก*"),COUNTIF(B83,"*ปราจีนบุรี*"),COUNTIF(B83,"*พัทลุง*"),COUNTIF(B83,"*ภูเก็ต*"),COUNTIF(B83,"*ยะลา*"),COUNTIF(B83,"*สกลนคร*"),COUNTIF(B83,"*สตูล*"),COUNTIF(B83,"*หนองคาย*"),COUNTIF(B83,"*สุราษฎร์ธานี*"),COUNTIF(B83,"*ปัตตานี*")),2, IF(OR(COUNTIF(B83,"*ตราด*"),COUNTIF(B83,"*นครพนม*"),COUNTIF(B83,"*นครศรีธรรมราช*"),COUNTIF(B83,"*นราธิวาส*"),COUNTIF(B83,"*บึงกาฬ*"),COUNTIF(B83,"*พังงา*"),COUNTIF(B83,"*ระนอง*"),COUNTIF(B83,"*สงขลา*")),4,0)) -> 0 | AM83: =_xlfn.XLOOKUP(group_data_final[[#This Row],[depot_code]],C:C,แผน68!D:D) -> 12149336 | AN83: 3963
A84: สำนักงานทางหลวงที่ 7 (ขอนแก่น) | B84: ขท.ขอนแก่นที่ 1 | C84: 621 | D84: {=_xlfn.LET(_xlpm.result,INDEX(ระยะทาง!C:C, MATCH(TRIM(C84), TRIM(ระยะทาง!$A:$A), 0)),IF(ISNUMBER(SEARCH("-", _xlpm.result)), 0, _xlpm.result))} -> 640.132 | E84: {=_xlfn.LET(_xlpm.result,INDEX(ระยะทาง!D:D, MATCH(TRIM($C84), TRIM(ระยะทาง!$A:$A), 0)),IF(ISNUMBER(SEARCH("-", _xlpm.result)), 0, _xlpm.result))} -> 1996857227 | F84: 189855760 | G84: 2.9287143 | H84: 316.356 | I84: 2 | J84: 7 | K84: 3.9166667 | L84: 3.5 | M84: 5 | N84: 162.826 | O84: 4 | P84: 12 | Q84: 6.375 | R84: 3.5 | S84: 4.2236667 | T84: 0 | U84: 0 | V84: 138015.25 | W84: 40127.3 | X84: 78775.32 | Y84: 353774 | Z84: 173.18398 | AA84: 93.247019 | AB84: 0.033359994 | AC84: 8.1327599 | AD84: =D84*'ราคาต้นทุน (Asset)'!$E$1 -> 38407920 | AE84: {=_xlfn.LET(_xlpm.result,INDEX(ASSET!U:U, MATCH(TRIM($C84), TRIM(ASSET!$A:$A), 0)),IF(ISNUMBER(SEARCH("-", _xlpm.result)), 0, _xlpm.result))} -> 3194100 | AF84: =group_data_final[[#This Row],[ค่าบำรุงจุดกางเต็นท์]]/300000 -> 0 | AG84: {=_xlfn.LET(_xlpm.result,INDEX(ราคาค่าบำรุง!D:D, MATCH(TRIM($C84), TRIM(ราคาค่าบำรุง!$A:$A), 0)),IF(ISNUMBER(SEARCH("-", _xlpm.result)), 0, _xlpm.result))} -> 0 | AH84: =group_data_final[[#This Row],[ค่าบำรุงจุดพักรถ]]/300000 -> 0 | AI84: {=_xlfn.LET(_xlpm.result,INDEX(ราคาค่าบำรุง!F:F, MATCH(TRIM($C84), TRIM(ราคาค่าบำรุง!$A:$A), 0)),IF(ISNUMBER(SEARCH("-", _xlpm.result)), 0, _xlpm.result))} -> 0 | AJ84: =group_data_final[[#This Row],[ค่าบำรุงภูมิสถาปัตย์]]/300000 -> 0 | AK84: {=_xlfn.LET(_xlpm.result,INDEX(ราคาค่าบำรุง!H:H, MATCH(TRIM($C84), TRIM(ราคาค่าบำรุง!$A:$A), 0)),IF(ISNUMBER(SEARCH("-", _xlpm.result)), 0, _xlpm.result))} -> 0 | AL84: =IF(OR(COUNTIF(B84,"*กระบี่*"),COUNTIF(B84,"*จันทบุรี*"),COUNTIF(B84,"*ชุมพร*"),COUNTIF(B84,"*เชียงราย*"),COUNTIF(B84,"*ตรัง*"),COUNTIF(B84,"*นครนายก*"),COUNTIF(B84,"*ปราจีนบุรี*"),COUNTIF(B84,"*พัทลุง*"),COUNTIF(B84,"*ภูเก็ต*"),COUNTIF(B84,"*ยะลา*"),COUNTIF(B84,"*สกลนคร*"),COUNTIF(B84,"*สตูล*"),COUNTIF(B84,"*หนองคาย*"),COUNTIF(B84,"*สุราษฎร์ธานี*"),COUNTIF(B84,"*ปัตตานี*")),2, IF(OR(COUNTIF(B84,"*ตราด*"),COUNTIF(B84,"*นครพนม*"),COUNTIF(B84,"*นครศรีธรรมราช*"),COUNTIF(B84,"*นราธิวาส*"),COUNTIF(B84,"*บึงกาฬ*"),COUNTIF(B84,"*พังงา*"),COUNTIF(B84,"*ระนอง*"),COUNTIF(B84,"*สงขลา*")),4,0)) -> 0 | AM84: =_xlfn.XLOOKUP(group_data_final[[#This Row],[depot_code]],C:C,แผน68!D:D) -> 31239469 | AN84: 9383.8
A85: สำนักงานทางหลวงที่ 8 (มหาสารคาม) | B85: ขท.มหาสารคาม | C85: 622 | D85: {=_xlfn.LET(_xlpm.result,INDEX(ระยะทาง!C:C, MATCH(TRIM(C85), TRIM(ระยะทาง!$A:$A), 0)),IF(ISNUMBER(SEARCH("-", _xlpm.result)), 0, _xlpm.result))} -> 913.526 | E85: {=_xlfn.LET(_xlpm.result,INDEX(ระยะทาง!D:D, MATCH(TRIM($C85), TRIM(ระยะทาง!$A:$A), 0)),IF(ISNUMBER(SEARCH("-", _xlpm.result)), 0, _xlpm.result))} -> 2639957062 | F85: 277969673 | G85: 2.3890833 | H85: 504.297 | I85: 2 | J85: 6 | K85: 4.0833333 | L85: 3.5 | M85: 5.272 | N85: 7.307 | O85: 4 | P85: 6 | Q85: 4.1666667 | R85: 3.5 | S85: 4.8 | T85: 0 | U85: 0 | V85: 153733.08 | W85: 15777 | X85: 97707.53 | Y85: 77577.617 | Z85: 157.56239 | AA85: 64.596189 | AB85: -0.043239177 | AC85: 6.181315 | AD85: =D85*'ราคาต้นทุน (Asset)'!$E$1 -> 54811560 | AE85: {=_xlfn.LET(_xlpm.result,INDEX(ASSET!U:U, MATCH(TRIM($C85), TRIM(ASSET!$A:$A), 0)),IF(ISNUMBER(SEARCH("-", _xlpm.result)), 0, _xlpm.result))} -> 4223600 | AF85: =group_data_final[[#This Row],[ค่าบำรุงจุดกางเต็นท์]]/300000 -> 1 | AG85: {=_xlfn.LET(_xlpm.result,INDEX(ราคาค่าบำรุง!D:D, MATCH(TRIM($C85), TRIM(ราคาค่าบำรุง!$A:$A), 0)),IF(ISNUMBER(SEARCH("-", _xlpm.result)), 0, _xlpm.result))} -> 300000 | AH85: =group_data_final[[#This Row],[ค่าบำรุงจุดพักรถ]]/300000 -> 2 | AI85: {=_xlfn.LET(_xlpm.result,INDEX(ราคาค่าบำรุง!F:F, MATCH(TRIM($C85), TRIM(ราคาค่าบำรุง!$A:$A), 0)),IF(ISNUMBER(SEARCH("-", _xlpm.result)), 0, _xlpm.result))} -> 600000 | AJ85: =group_data_final[[#This Row],[ค่าบำรุงภูมิสถาปัตย์]]/300000 -> 1 | AK85: {=_xlfn.LET(_xlpm.result,INDEX(ราคาค่าบำรุง!H:H, MATCH(TRIM($C85), TRIM(ราคาค่าบำรุง!$A:$A), 0)),IF(ISNUMBER(SEARCH("-", _xlpm.result)), 0, _xlpm.result))} -> 300000 | AL85: =IF(OR(COUNTIF(B85,"*กระบี่*"),COUNTIF(B85,"*จันทบุรี*"),COUNTIF(B85,"*ชุมพร*"),COUNTIF(B85,"*เชียงราย*"),COUNTIF(B85,"*ตรัง*"),COUNTIF(B85,"*นครนายก*"),COUNTIF(B85,"*ปราจีนบุรี*"),COUNTIF(B85,"*พัทลุง*"),COUNTIF(B85,"*ภูเก็ต*"),COUNTIF(B85,"*ยะลา*"),COUNTIF(B85,"*สกลนคร*"),COUNTIF(B85,"*สตูล*"),COUNTIF(B85,"*หนองคาย*"),COUNTIF(B85,"*สุราษฎร์ธานี*"),COUNTIF(B85,"*ปัตตานี*")),2, IF(OR(COUNTIF(B85,"*ตราด*"),COUNTIF(B85,"*นครพนม*"),COUNTIF(B85,"*นครศรีธรรมราช*"),COUNTIF(B85,"*นราธิวาส*"),COUNTIF(B85,"*บึงกาฬ*"),COUNTIF(B85,"*พังงา*"),COUNTIF(B85,"*ระนอง*"),COUNTIF(B85,"*สงขลา*")),4,0)) -> 0 | AM85: =_xlfn.XLOOKUP(group_data_final[[#This Row],[depot_code]],C:C,แผน68!D:D) -> 36501247 | AN85: 4266.5
A86: สำนักงานทางหลวงที่ 7 (ขอนแก่น) | B86: ขท.อุดรธานีที่ 1 | C86: 623 | D86: {=_xlfn.LET(_xlpm.result,INDEX(ระยะทาง!C:C, MATCH(TRIM(C86), TRIM(ระยะทาง!$A:$A), 0)),IF(ISNUMBER(SEARCH("-", _xlpm.result)), 0, _xlpm.result))} -> 709.951 | E86: {=_xlfn.LET(_xlpm.result,INDEX(ระยะทาง!D:D, MATCH(TRIM($C86), TRIM(ระยะทาง!$A:$A), 0)),IF(ISNUMBER(SEARCH("-", _xlpm.result)), 0, _xlpm.result))} -> 2572797135 | F86: 119571689 | G86: 2.7048571 | H86: 403.001 | I86: 1 | J86: 10 | K86: 3.9285714 | L86: 3.5 | M86: 4 | N86: 178.842 | O86: 4 | P86: 10 | Q86: 6.1428571 | R86: 3.5 | S86: 3.8333333 | T86: 0 | U86: 0 | V86: 450171.48 | W86: 19331.1 | X86: 89455.742 | Y86: 81681 | Z86: 198.96714 | AA86: 499.65026 | AB86: 0.11807085 | AC86: 13.019373 | AD86: =D86*'ราคาต้นทุน (Asset)'!$E$1 -> 42597060 | AE86: {=_xlfn.LET(_xlpm.result,INDEX(ASSET!U:U, MATCH(TRIM($C86), TRIM(ASSET!$A:$A), 0)),IF(ISNUMBER(SEARCH("-", _xlpm.result)), 0, _xlpm.result))} -> 3063100 | AF86: =group_data_final[[#This Row],[ค่าบำรุงจุดกางเต็นท์]]/300000 -> 0 | AG86: {=_xlfn.LET(_xlpm.result,INDEX(ราคาค่าบำรุง!D:D, MATCH(TRIM($C86), TRIM(ราคาค่าบำรุง!$A:$A), 0)),IF(ISNUMBER(SEARCH("-", _xlpm.result)), 0, _xlpm.result))} -> 0 | AH86: =group_data_final[[#This Row],[ค่าบำรุงจุดพักรถ]]/300000 -> 0 | AI86: {=_xlfn.LET(_xlpm.result,INDEX(ราคาค่าบำรุง!F:F, MATCH(TRIM($C86), TRIM(ราคาค่าบำรุง!$A:$A), 0)),IF(ISNUMBER(SEARCH("-", _xlpm.result)), 0, _xlpm.result))} -> 0 | AJ86: =group_data_final[[#This Row],[ค่าบำรุงภูมิสถาปัตย์]]/300000 -> 0 | AK86: {=_xlfn.LET(_xlpm.result,INDEX(ราคาค่าบำรุง!H:H, MATCH(TRIM($C86), TRIM(ราคาค่าบำรุง!$A:$A), 0)),IF(ISNUMBER(SEARCH("-", _xlpm.result)), 0, _xlpm.result))} -> 0 | AL86: =IF(OR(COUNTIF(B86,"*กระบี่*"),COUNTIF(B86,"*จันทบุรี*"),COUNTIF(B86,"*ชุมพร*"),COUNTIF(B86,"*เชียงราย*"),COUNTIF(B86,"*ตรัง*"),COUNTIF(B86,"*นครนายก*"),COUNTIF(B86,"*ปราจีนบุรี*"),COUNTIF(B86,"*พัทลุง*"),COUNTIF(B86,"*ภูเก็ต*"),COUNTIF(B86,"*ยะลา*"),COUNTIF(B86,"*สกลนคร*"),COUNTIF(B86,"*สตูล*"),COUNTIF(B86,"*หนองคาย*"),COUNTIF(B86,"*สุราษฎร์ธานี*"),COUNTIF(B86,"*ปัตตานี*")),2, IF(OR(COUNTIF(B86,"*ตราด*"),COUNTIF(B86,"*นครพนม*"),COUNTIF(B86,"*นครศรีธรรมราช*"),COUNTIF(B86,"*นราธิวาส*"),COUNTIF(B86,"*บึงกาฬ*"),COUNTIF(B86,"*พังงา*"),COUNTIF(B86,"*ระนอง*"),COUNTIF(B86,"*สงขลา*")),4,0)) -> 0 | AM86: =_xlfn.XLOOKUP(group_data_final[[#This Row],[depot_code]],C:C,แผน68!D:D) -> 22397913 | AN86: 4415.2
A87: สำนักงานทางหลวงที่ 7 (ขอนแก่น) | B87: ขท.อุดรธานีที่ 2 (หนองหาน) | C87: 624 | D87: {=_xlfn.LET(_xlpm.result,INDEX(ระยะทาง!C:C, MATCH(TRIM(C87), TRIM(ระยะทาง!$A:$A), 0)),IF(ISNUMBER(SEARCH("-", _xlpm.result)), 0, _xlpm.result))} -> 679.353 | E87: {=_xlfn.LET(_xlpm.result,INDEX(ระยะทาง!D:D, MATCH(TRIM($C87), TRIM(ระยะทาง!$A:$A), 0)),IF(ISNUMBER(SEARCH("-", _xlpm.result)), 0, _xlpm.result))} -> 2747517393 | F87: 521252629 | G87: 2.5288421 | H87: 475.677 | I87: 2 | J87: 4 | K87: 2.8333333 | L87: 3.5 | M87: 4.376 | N87: 9.46 | O87: 2 | P87: 4 | Q87: 3.3333333 | R87: 3.5 | S87: 2.6666667 | T87: 0 | U87: 0 | V87: 62138.48 | W87: 250 | X87: 86341.786 | Y87: 32459.863 | Z87: 184.21963 | AA87: 138.08457 | AB87: -0.062070027 | AC87: 8.2263782 | AD87: =D87*'ราคาต้นทุน (Asset)'!$E$1 -> 40761180 | AE87: {=_xlfn.LET(_xlpm.result,INDEX(ASSET!U:U, MATCH(TRIM($C87), TRIM(ASSET!$A:$A), 0)),IF(ISNUMBER(SEARCH("-", _xlpm.result)), 0, _xlpm.result))} -> 2004400 | AF87: =group_data_final[[#This Row],[ค่าบำรุงจุดกางเต็นท์]]/300000 -> 0 | AG87: {=_xlfn.LET(_xlpm.result,INDEX(ราคาค่าบำรุง!D:D, MATCH(TRIM($C87), TRIM(ราคาค่าบำรุง!$A:$A), 0)),IF(ISNUMBER(SEARCH("-", _xlpm.result)), 0, _xlpm.result))} -> 0 | AH87: =group_data_final[[#This Row],[ค่าบำรุงจุดพักรถ]]/300000 -> 2 | AI87: {=_xlfn.LET(_xlpm.result,INDEX(ราคาค่าบำรุง!F:F, MATCH(TRIM($C87), TRIM(ราคาค่าบำรุง!$A:$A), 0)),IF(ISNUMBER(SEARCH("-", _xlpm.result)), 0, _xlpm.result))} -> 600000 | AJ87: =group_data_final[[#This Row],[ค่าบำรุงภูมิสถาปัตย์]]/300000 -> 1 | AK87: {=_xlfn.LET(_xlpm.result,INDEX(ราคาค่าบำรุง!H:H, MATCH(TRIM($C87), TRIM(ราคาค่าบำรุง!$A:$A), 0)),IF(ISNUMBER(SEARCH("-", _xlpm.result)), 0, _xlpm.result))} -> 300000 | AL87: =IF(OR(COUNTIF(B87,"*กระบี่*"),COUNTIF(B87,"*จันทบุรี*"),COUNTIF(B87,"*ชุมพร*"),COUNTIF(B87,"*เชียงราย*"),COUNTIF(B87,"*ตรัง*"),COUNTIF(B87,"*นครนายก*"),COUNTIF(B87,"*ปราจีนบุรี*"),COUNTIF(B87,"*พัทลุง*"),COUNTIF(B87,"*ภูเก็ต*"),COUNTIF(B87,"*ยะลา*"),COUNTIF(B87,"*สกลนคร*"),COUNTIF(B87,"*สตูล*"),COUNTIF(B87,"*หนองคาย*"),COUNTIF(B87,"*สุราษฎร์ธานี*"),COUNTIF(B87,"*ปัตตานี*")),2, IF(OR(COUNTIF(B87,"*ตราด*"),COUNTIF(B87,"*นครพนม*"),COUNTIF(B87,"*นครศรีธรรมราช*"),COUNTIF(B87,"*นราธิวาส*"),COUNTIF(B87,"*บึงกาฬ*"),COUNTIF(B87,"*พังงา*"),COUNTIF(B87,"*ระนอง*"),COUNTIF(B87,"*สงขลา*")),4,0)) -> 0 | AM87: =_xlfn.XLOOKUP(group_data_final[[#This Row],[depot_code]],C:C,แผน68!D:D) -> 34308861 | AN87: 4975.4
A88: สำนักงานทางหลวงที่ 7 (ขอนแก่น) | B88: ขท.ชัยภูมิ | C88: 626 | D88: {=_xlfn.LET(_xlpm.result,INDEX(ระยะทาง!C:C, MATCH(TRIM(C88), TRIM(ระยะทาง!$A:$A), 0)),IF(ISNUMBER(SEARCH("-", _xlpm.result)), 0, _xlpm.result))} -> 830.043 | E88: {=_xlfn.LET(_xlpm.result,INDEX(ระยะทาง!D:D, MATCH(TRIM($C88), TRIM(ระยะทาง!$A:$A), 0)),IF(ISNUMBER(SEARCH("-", _xlpm.result)), 0, _xlpm.result))} -> 3092802372 | F88: 952655863 | G88: 2.7082857 | H88: 487.743 | I88: 2 | J88: 6 | K88: 3.3076923 | L88: 3.5 | M88: 5 | N88: 11.236 | O88: 4 | P88: 6 | Q88: 4.8 | R88: 3.5 | S88: 4.75 | T88: 0 | U88: 0 | V88: 123371.64 | W88: 20027.3 | X88: 340076.9 | Y88: 103524.85 | Z88: 283.36971 | AA88: 2813.7195 | AB88: -0.033721349 | AC88: 25.982206 | AD88: =D88*'ราคาต้นทุน (Asset)'!$E$1 -> 49802580 | AE88: {=_xlfn.LET(_xlpm.result,INDEX(ASSET!U:U, MATCH(TRIM($C88), TRIM(ASSET!$A:$A), 0)),IF(ISNUMBER(SEARCH("-", _xlpm.result)), 0, _xlpm.result))} -> 3529700 | AF88: =group_data_final[[#This Row],[ค่าบำรุงจุดกางเต็นท์]]/300000 -> 0 | AG88: {=_xlfn.LET(_xlpm.result,INDEX(ราคาค่าบำรุง!D:D, MATCH(TRIM($C88), TRIM(ราคาค่าบำรุง!$A:$A), 0)),IF(ISNUMBER(SEARCH("-", _xlpm.result)), 0, _xlpm.result))} -> 0 | AH88: =group_data_final[[#This Row],[ค่าบำรุงจุดพักรถ]]/300000 -> 0 | AI88: {=_xlfn.LET(_xlpm.result,INDEX(ราคาค่าบำรุง!F:F, MATCH(TRIM($C88), TRIM(ราคาค่าบำรุง!$A:$A), 0)),IF(ISNUMBER(SEARCH("-", _xlpm.result)), 0, _xlpm.result))} -> 0 | AJ88: =group_data_final[[#This Row],[ค่าบำรุงภูมิสถาปัตย์]]/300000 -> 0 | AK88: {=_xlfn.LET(_xlpm.result,INDEX(ราคาค่าบำรุง!H:H, MATCH(TRIM($C88), TRIM(ราคาค่าบำรุง!$A:$A), 0)),IF(ISNUMBER(SEARCH("-", _xlpm.result)), 0, _xlpm.result))} -> 0 | AL88: =IF(OR(COUNTIF(B88,"*กระบี่*"),COUNTIF(B88,"*จันทบุรี*"),COUNTIF(B88,"*ชุมพร*"),COUNTIF(B88,"*เชียงราย*"),COUNTIF(B88,"*ตรัง*"),COUNTIF(B88,"*นครนายก*"),COUNTIF(B88,"*ปราจีนบุรี*"),COUNTIF(B88,"*พัทลุง*"),COUNTIF(B88,"*ภูเก็ต*"),COUNTIF(B88,"*ยะลา*"),COUNTIF(B88,"*สกลนคร*"),COUNTIF(B88,"*สตูล*"),COUNTIF(B88,"*หนองคาย*"),COUNTIF(B88,"*สุราษฎร์ธานี*"),COUNTIF(B88,"*ปัตตานี*")),2, IF(OR(COUNTIF(B88,"*ตราด*"),COUNTIF(B88,"*นครพนม*"),COUNTIF(B88,"*นครศรีธรรมราช*"),COUNTIF(B88,"*นราธิวาส*"),COUNTIF(B88,"*บึงกาฬ*"),COUNTIF(B88,"*พังงา*"),COUNTIF(B88,"*ระนอง*"),COUNTIF(B88,"*สงขลา*")),4,0)) -> 0 | AM88: =_xlfn.XLOOKUP(group_data_final[[#This Row],[depot_code]],C:C,แผน68!D:D) -> 115835052 | AN88: 6942.8
A89: สำนักงานทางหลวงที่ 7 (ขอนแก่น) | B89: ขท.ขอนแก่นที่ 2 (ชุมแพ) | C89: 627 | D89: {=_xlfn.LET(_xlpm.result,INDEX(ระยะทาง!C:C, MATCH(TRIM(C89), TRIM(ระยะทาง!$A:$A), 0)),IF(ISNUMBER(SEARCH("-", _xlpm.result)), 0, _xlpm.result))} -> 687.246 | E89: {=_xlfn.LET(_xlpm.result,INDEX(ระยะทาง!D:D, MATCH(TRIM($C89), TRIM(ระยะทาง!$A:$A), 0)),IF(ISNUMBER(SEARCH("-", _xlpm.result)), 0, _xlpm.result))} -> 1524982665 | F89: 514534910 | G89: 2.8774444 | H89: 433.463 | I89: 2 | J89: 10 | K89: 4.625 | L89: 3.5 | M89: 5.18 | N89: 17.641 | O89: 4 | P89: 8 | Q89: 5.1666667 | R89: 3.5 | S89: 4.8536 | T89: 0 | U89: 0 | V89: 197092.86 | W89: 3574.1 | X89: 85664.592 | Y89: 49189 | Z89: 225.27786 | AA89: 336.82464 | AB89: 0.11567537 | AC89: 17.477604 | AD89: =D89*'ราคาต้นทุน (Asset)'!$E$1 -> 41234760 | AE89: {=_xlfn.LET(_xlpm.result,INDEX(ASSET!U:U, MATCH(TRIM($C89), TRIM(ASSET!$A:$A), 0)),IF(ISNUMBER(SEARCH("-", _xlpm.result)), 0, _xlpm.result))} -> 3520800 | AF89: =group_data_final[[#This Row],[ค่าบำรุงจุดกางเต็นท์]]/300000 -> 1 | AG89: {=_xlfn.LET(_xlpm.result,INDEX(ราคาค่าบำรุง!D:D, MATCH(TRIM($C89), TRIM(ราคาค่าบำรุง!$A:$A), 0)),IF(ISNUMBER(SEARCH("-", _xlpm.result)), 0, _xlpm.result))} -> 300000 | AH89: =group_data_final[[#This Row],[ค่าบำรุงจุดพักรถ]]/300000 -> 3 | AI89: {=_xlfn.LET(_xlpm.result,INDEX(ราคาค่าบำรุง!F:F, MATCH(TRIM($C89), TRIM(ราคาค่าบำรุง!$A:$A), 0)),IF(ISNUMBER(SEARCH("-", _xlpm.result)), 0, _xlpm.result))} -> 900000 | AJ89: =group_data_final[[#This Row],[ค่าบำรุงภูมิสถาปัตย์]]/300000 -> 0 | AK89: {=_xlfn.LET(_xlpm.result,INDEX(ราคาค่าบำรุง!H:H, MATCH(TRIM($C89), TRIM(ราคาค่าบำรุง!$A:$A), 0)),IF(ISNUMBER(SEARCH("-", _xlpm.result)), 0, _xlpm.result))} -> 0 | AL89: =IF(OR(COUNTIF(B89,"*กระบี่*"),COUNTIF(B89,"*จันทบุรี*"),COUNTIF(B89,"*ชุมพร*"),COUNTIF(B89,"*เชียงราย*"),COUNTIF(B89,"*ตรัง*"),COUNTIF(B89,"*นครนายก*"),COUNTIF(B89,"*ปราจีนบุรี*"),COUNTIF(B89,"*พัทลุง*"),COUNTIF(B89,"*ภูเก็ต*"),COUNTIF(B89,"*ยะลา*"),COUNTIF(B89,"*สกลนคร*"),COUNTIF(B89,"*สตูล*"),COUNTIF(B89,"*หนองคาย*"),COUNTIF(B89,"*สุราษฎร์ธานี*"),COUNTIF(B89,"*ปัตตานี*")),2, IF(OR(COUNTIF(B89,"*ตราด*"),COUNTIF(B89,"*นครพนม*"),COUNTIF(B89,"*นครศรีธรรมราช*"),COUNTIF(B89,"*นราธิวาส*"),COUNTIF(B89,"*บึงกาฬ*"),COUNTIF(B89,"*พังงา*"),COUNTIF(B89,"*ระนอง*"),COUNTIF(B89,"*สงขลา*")),4,0)) -> 0 | AM89: =_xlfn.XLOOKUP(group_data_final[[#This Row],[depot_code]],C:C,แผน68!D:D) -> 48262458 | AN89: 5068
A90: สำนักงานทางหลวงที่ 7 (ขอนแก่น) | B90: ขท.ขอนแก่นที่ 3 (บ้านไผ่) | C90: 628 | D90: {=_xlfn.LET(_xlpm.result,INDEX(ระยะทาง!C:C, MATCH(TRIM(C90), TRIM(ระยะทาง!$A:$A), 0)),IF(ISNUMBER(SEARCH("-", _xlpm.result)), 0, _xlpm.result))} -> 645.69 | E90: {=_xlfn.LET(_xlpm.result,INDEX(ระยะทาง!D:D, MATCH(TRIM($C90), TRIM(ระยะทาง!$A:$A), 0)),IF(ISNUMBER(SEARCH("-", _xlpm.result)), 0, _xlpm.result))} -> 1009229075 | F90: 1743129319 | G90: 2.3854 | H90: 427.977 | I90: 1 | J90: 6 | K90: 3.4 | L90: 3.5 | M90: 5 | N90: 1.14 | O90: 4 | P90: 4 | Q90: 4 | R90: 3.5 | S90: 5 | T90: 0 | U90: 0 | V90: 37196.051 | W90: 273 | X90: 62430.588 | Y90: 46634.79 | Z90: 177.93828 | AA90: 98.300633 | AB90: -0.012873886 | AC90: 5.3715957 | AD90: =D90*'ราคาต้นทุน (Asset)'!$E$1 -> 38741400 | AE90: {=_xlfn.LET(_xlpm.result,INDEX(ASSET!U:U, MATCH(TRIM($C90), TRIM(ASSET!$A:$A), 0)),IF(ISNUMBER(SEARCH("-", _xlpm.result)), 0, _xlpm.result))} -> 2362900 | AF90: =group_data_final[[#This Row],[ค่าบำรุงจุดกางเต็นท์]]/300000 -> 3 | AG90: {=_xlfn.LET(_xlpm.result,INDEX(ราคาค่าบำรุง!D:D, MATCH(TRIM($C90), TRIM(ราคาค่าบำรุง!$A:$A), 0)),IF(ISNUMBER(SEARCH("-", _xlpm.result)), 0, _xlpm.result))} -> 900000 | AH90: =group_data_final[[#This Row],[ค่าบำรุงจุดพักรถ]]/300000 -> 2 | AI90: {=_xlfn.LET(_xlpm.result,INDEX(ราคาค่าบำรุง!F:F, MATCH(TRIM($C90), TRIM(ราคาค่าบำรุง!$A:$A), 0)),IF(ISNUMBER(SEARCH("-", _xlpm.result)), 0, _xlpm.result))} -> 600000 | AJ90: =group_data_final[[#This Row],[ค่าบำรุงภูมิสถาปัตย์]]/300000 -> 0 | AK90: {=_xlfn.LET(_xlpm.result,INDEX(ราคาค่าบำรุง!H:H, MATCH(TRIM($C90), TRIM(ราคาค่าบำรุง!$A:$A), 0)),IF(ISNUMBER(SEARCH("-", _xlpm.result)), 0, _xlpm.result))} -> 0 | AL90: =IF(OR(COUNTIF(B90,"*กระบี่*"),COUNTIF(B90,"*จันทบุรี*"),COUNTIF(B90,"*ชุมพร*"),COUNTIF(B90,"*เชียงราย*"),COUNTIF(B90,"*ตรัง*"),COUNTIF(B90,"*นครนายก*"),COUNTIF(B90,"*ปราจีนบุรี*"),COUNTIF(B90,"*พัทลุง*"),COUNTIF(B90,"*ภูเก็ต*"),COUNTIF(B90,"*ยะลา*"),COUNTIF(B90,"*สกลนคร*"),COUNTIF(B90,"*สตูล*"),COUNTIF(B90,"*หนองคาย*"),COUNTIF(B90,"*สุราษฎร์ธานี*"),COUNTIF(B90,"*ปัตตานี*")),2, IF(OR(COUNTIF(B90,"*ตราด*"),COUNTIF(B90,"*นครพนม*"),COUNTIF(B90,"*นครศรีธรรมราช*"),COUNTIF(B90,"*นราธิวาส*"),COUNTIF(B90,"*บึงกาฬ*"),COUNTIF(B90,"*พังงา*"),COUNTIF(B90,"*ระนอง*"),COUNTIF(B90,"*สงขลา*")),4,0)) -> 0 | AM90: =_xlfn.XLOOKUP(group_data_final[[#This Row],[depot_code]],C:C,แผน68!D:D) -> 20132405 | AN90: 5280
A91: สำนักงานทางหลวงที่ 6 (เพชรบูรณ์) | B91: ขท.หนองบัวลำภู | C91: 629 | D91: {=_xlfn.LET(_xlpm.result,INDEX(ระยะทาง!C:C, MATCH(TRIM(C91), TRIM(ระยะทาง!$A:$A), 0)),IF(ISNUMBER(SEARCH("-", _xlpm.result)), 0, _xlpm.result))} -> 534.087 | E91: {=_xlfn.LET(_xlpm.result,INDEX(ระยะทาง!D:D, MATCH(TRIM($C91), TRIM(ระยะทาง!$A:$A), 0)),IF(ISNUMBER(SEARCH("-", _xlpm.result)), 0, _xlpm.result))} -> 1994726698 | F91: 1513578325 | G91: 2.450375 | H91: 248.681 | I91: 1 | J91: 6 | K91: 3.25 | L91: 7 | M91: 5 | N91: 80.885 | O91: 1 | P91: 6 | Q91: 4.1666667 | R91: 4.2 | S91: 3.15 | T91: 12025 | U91: 0 | V91: 119956.36 | W91: 6297 | X91: 75946.138 | Y91: 116596.37 | Z91: 219.83077 | AA91: 203.19751 | AB91: 0.079749259 | AC91: 12.66869 | AD91: =D91*'ราคาต้นทุน (Asset)'!$E$1 -> 32045220 | AE91: {=_xlfn.LET(_xlpm.result,INDEX(ASSET!U:U, MATCH(TRIM($C91), TRIM(ASSET!$A:$A), 0)),IF(ISNUMBER(SEARCH("-", _xlpm.result)), 0, _xlpm.result))} -> 2558700 | AF91: =group_data_final[[#This Row],[ค่าบำรุงจุดกางเต็นท์]]/300000 -> 0 | AG91: {=_xlfn.LET(_xlpm.result,INDEX(ราคาค่าบำรุง!D:D, MATCH(TRIM($C91), TRIM(ราคาค่าบำรุง!$A:$A), 0)),IF(ISNUMBER(SEARCH("-", _xlpm.result)), 0, _xlpm.result))} -> 0 | AH91: =group_data_final[[#This Row],[ค่าบำรุงจุดพักรถ]]/300000 -> 0 | AI91: {=_xlfn.LET(_xlpm.result,INDEX(ราคาค่าบำรุง!F:F, MATCH(TRIM($C91), TRIM(ราคาค่าบำรุง!$A:$A), 0)),IF(ISNUMBER(SEARCH("-", _xlpm.result)), 0, _xlpm.result))} -> 0 | AJ91: =group_data_final[[#This Row],[ค่าบำรุงภูมิสถาปัตย์]]/300000 -> 0 | AK91: {=_xlfn.LET(_xlpm.result,INDEX(ราคาค่าบำรุง!H:H, MATCH(TRIM($C91), TRIM(ราคาค่าบำรุง!$A:$A), 0)),IF(ISNUMBER(SEARCH("-", _xlpm.result)), 0, _xlpm.result))} -> 0 | AL91: =IF(OR(COUNTIF(B91,"*กระบี่*"),COUNTIF(B91,"*จันทบุรี*"),COUNTIF(B91,"*ชุมพร*"),COUNTIF(B91,"*เชียงราย*"),COUNTIF(B91,"*ตรัง*"),COUNTIF(B91,"*นครนายก*"),COUNTIF(B91,"*ปราจีนบุรี*"),COUNTIF(B91,"*พัทลุง*"),COUNTIF(B91,"*ภูเก็ต*"),COUNTIF(B91,"*ยะลา*"),COUNTIF(B91,"*สกลนคร*"),COUNTIF(B91,"*สตูล*"),COUNTIF(B91,"*หนองคาย*"),COUNTIF(B91,"*สุราษฎร์ธานี*"),COUNTIF(B91,"*ปัตตานี*")),2, IF(OR(COUNTIF(B91,"*ตราด*"),COUNTIF(B91,"*นครพนม*"),COUNTIF(B91,"*นครศรีธรรมราช*"),COUNTIF(B91,"*นราธิวาส*"),COUNTIF(B91,"*บึงกาฬ*"),COUNTIF(B91,"*พังงา*"),COUNTIF(B91,"*ระนอง*"),COUNTIF(B91,"*สงขลา*")),4,0)) -> 0 | AM91: =_xlfn.XLOOKUP(group_data_final[[#This Row],[depot_code]],C:C,แผน68!D:D) -> 23887668 | AN91: 2332.5
A92: สำนักงานทางหลวงที่ 9 (อุบลราชธานี) | B92: ขท.อุบลราชธานีที่ 1 | C92: 631 | D92: {=_xlfn.LET(_xlpm.result,INDEX(ระยะทาง!C:C, MATCH(TRIM(C92), TRIM(ระยะทาง!$A:$A), 0)),IF(ISNUMBER(SEARCH("-", _xlpm.result)), 0, _xlpm.result))} -> 681.585 | E92: {=_xlfn.LET(_xlpm.result,INDEX(ระยะทาง!D:D, MATCH(TRIM($C92), TRIM(ระยะทาง!$A:$A), 0)),IF(ISNUMBER(SEARCH("-", _xlpm.result)), 0, _xlpm.result))} -> 2837929012 | F92: 182203618 | G92: 2.5269333 | H92: 485.982 | I92: 1 | J92: 8 | K92: 3.2666667 | L92: 3.5 | M92: 5 | N92: 27.712 | O92: 2 | P92: 8 | Q92: 4.875 | R92: 3.5 | S92: 5.125 | T92: 0 | U92: 10201 | V92: 128266.6 | W92: 2034.9 | X92: 109588.2 | Y92: 90798.188 | Z92: 117.93883 | AA92: 44.36415 | AB92: -0.014132145 | AC92: 13.239974 | AD92: =D92*'ราคาต้นทุน (Asset)'!$E$1 -> 40895100 | AE92: {=_xlfn.LET(_xlpm.result,INDEX(ASSET!U:U, MATCH(TRIM($C92), TRIM(ASSET!$A:$A), 0)),IF(ISNUMBER(SEARCH("-", _xlpm.result)), 0, _xlpm.result))} -> 2895600 | AF92: =group_data_final[[#This Row],[ค่าบำรุงจุดกางเต็นท์]]/300000 -> 0 | AG92: {=_xlfn.LET(_xlpm.result,INDEX(ราคาค่าบำรุง!D:D, MATCH(TRIM($C92), TRIM(ราคาค่าบำรุง!$A:$A), 0)),IF(ISNUMBER(SEARCH("-", _xlpm.result)), 0, _xlpm.result))} -> 0 | AH92: =group_data_final[[#This Row],[ค่าบำรุงจุดพักรถ]]/300000 -> 1 | AI92: {=_xlfn.LET(_xlpm.result,INDEX(ราคาค่าบำรุง!F:F, MATCH(TRIM($C92), TRIM(ราคาค่าบำรุง!$A:$A), 0)),IF(ISNUMBER(SEARCH("-", _xlpm.result)), 0, _xlpm.result))} -> 300000 | AJ92: =group_data_final[[#This Row],[ค่าบำรุงภูมิสถาปัตย์]]/300000 -> 1 | AK92: {=_xlfn.LET(_xlpm.result,INDEX(ราคาค่าบำรุง!H:H, MATCH(TRIM($C92), TRIM(ราคาค่าบำรุง!$A:$A), 0)),IF(ISNUMBER(SEARCH("-", _xlpm.result)), 0, _xlpm.result))} -> 300000 | AL92: =IF(OR(COUNTIF(B92,"*กระบี่*"),COUNTIF(B92,"*จันทบุรี*"),COUNTIF(B92,"*ชุมพร*"),COUNTIF(B92,"*เชียงราย*"),COUNTIF(B92,"*ตรัง*"),COUNTIF(B92,"*นครนายก*"),COUNTIF(B92,"*ปราจีนบุรี*"),COUNTIF(B92,"*พัทลุง*"),COUNTIF(B92,"*ภูเก็ต*"),COUNTIF(B92,"*ยะลา*"),COUNTIF(B92,"*สกลนคร*"),COUNTIF(B92,"*สตูล*"),COUNTIF(B92,"*หนองคาย*"),COUNTIF(B92,"*สุราษฎร์ธานี*"),COUNTIF(B92,"*ปัตตานี*")),2, IF(OR(COUNTIF(B92,"*ตราด*"),COUNTIF(B92,"*นครพนม*"),COUNTIF(B92,"*นครศรีธรรมราช*"),COUNTIF(B92,"*นราธิวาส*"),COUNTIF(B92,"*บึงกาฬ*"),COUNTIF(B92,"*พังงา*"),COUNTIF(B92,"*ระนอง*"),COUNTIF(B92,"*สงขลา*")),4,0)) -> 0 | AM92: =_xlfn.XLOOKUP(group_data_final[[#This Row],[depot_code]],C:C,แผน68!D:D) -> 30781563 | AN92: 7419
A93: สำนักงานทางหลวงที่ 9 (อุบลราชธานี) | B93: ขท.อุบลราชธานีที่ 2 | C93: 632 | D93: {=_xlfn.LET(_xlpm.result,INDEX(ระยะทาง!C:C, MATCH(TRIM(C93), TRIM(ระยะทาง!$A:$A), 0)),IF(ISNUMBER(SEARCH("-", _xlpm.result)), 0, _xlpm.result))} -> 678.737 | E93: {=_xlfn.LET(_xlpm.result,INDEX(ระยะทาง!D:D, MATCH(TRIM($C93), TRIM(ระยะทาง!$A:$A), 0)),IF(ISNUMBER(SEARCH("-", _xlpm.result)), 0, _xlpm.result))} -> 3455141203 | F93: 264584953 | G93: 2.7022727 | H93: 332.121 | I93: 1 | J93: 8 | K93: 2.8181818 | L93: 4.355 | M93: 6.25 | N93: 3.697 | O93: 4 | P93: 8 | Q93: 5 | R93: 3.5 | S93: 5 | T93: 0 | U93: 0 | V93: 63853.65 | W93: 1675 | X93: 135061.19 | Y93: 106902.36 | Z93: 146.99492 | AA93: 171.21255 | AB93: 0.074021966 | AC93: 12.522181 | AD93: =D93*'ราคาต้นทุน (Asset)'!$E$1 -> 40724220 | AE93: {=_xlfn.LET(_xlpm.result,INDEX(ASSET!U:U, MATCH(TRIM($C93), TRIM(ASSET!$A:$A), 0)),IF(ISNUMBER(SEARCH("-", _xlpm.result)), 0, _xlpm.result))} -> 3154900 | AF93: =group_data_final[[#This Row],[ค่าบำรุงจุดกางเต็นท์]]/300000 -> 0 | AG93: {=_xlfn.LET(_xlpm.result,INDEX(ราคาค่าบำรุง!D:D, MATCH(TRIM($C93), TRIM(ราคาค่าบำรุง!$A:$A), 0)),IF(ISNUMBER(SEARCH("-", _xlpm.result)), 0, _xlpm.result))} -> 0 | AH93: =group_data_final[[#This Row],[ค่าบำรุงจุดพักรถ]]/300000 -> 0 | AI93: {=_xlfn.LET(_xlpm.result,INDEX(ราคาค่าบำรุง!F:F, MATCH(TRIM($C93), TRIM(ราคาค่าบำรุง!$A:$A), 0)),IF(ISNUMBER(SEARCH("-", _xlpm.result)), 0, _xlpm.result))} -> 0 | AJ93: =group_data_final[[#This Row],[ค่าบำรุงภูมิสถาปัตย์]]/300000 -> 0 | AK93: {=_xlfn.LET(_xlpm.result,INDEX(ราคาค่าบำรุง!H:H, MATCH(TRIM($C93), TRIM(ราคาค่าบำรุง!$A:$A), 0)),IF(ISNUMBER(SEARCH("-", _xlpm.result)), 0, _xlpm.result))} -> 0 | AL93: =IF(OR(COUNTIF(B93,"*กระบี่*"),COUNTIF(B93,"*จันทบุรี*"),COUNTIF(B93,"*ชุมพร*"),COUNTIF(B93,"*เชียงราย*"),COUNTIF(B93,"*ตรัง*"),COUNTIF(B93,"*นครนายก*"),COUNTIF(B93,"*ปราจีนบุรี*"),COUNTIF(B93,"*พัทลุง*"),COUNTIF(B93,"*ภูเก็ต*"),COUNTIF(B93,"*ยะลา*"),COUNTIF(B93,"*สกลนคร*"),COUNTIF(B93,"*สตูล*"),COUNTIF(B93,"*หนองคาย*"),COUNTIF(B93,"*สุราษฎร์ธานี*"),COUNTIF(B93,"*ปัตตานี*")),2, IF(OR(COUNTIF(B93,"*ตราด*"),COUNTIF(B93,"*นครพนม*"),COUNTIF(B93,"*นครศรีธรรมราช*"),COUNTIF(B93,"*นราธิวาส*"),COUNTIF(B93,"*บึงกาฬ*"),COUNTIF(B93,"*พังงา*"),COUNTIF(B93,"*ระนอง*"),COUNTIF(B93,"*สงขลา*")),4,0)) -> 0 | AM93: =_xlfn.XLOOKUP(group_data_final[[#This Row],[depot_code]],C:C,แผน68!D:D) -> 31476285 | AN93: 6151.5
A94: สำนักงานทางหลวงที่ 8 (มหาสารคาม) | B94: ขท.ยโสธร | C94: 633 | D94: {=_xlfn.LET(_xlpm.result,INDEX(ระยะทาง!C:C, MATCH(TRIM(C94), TRIM(ระยะทาง!$A:$A), 0)),IF(ISNUMBER(SEARCH("-", _xlpm.result)), 0, _xlpm.result))} -> 714.724 | E94: {=_xlfn.LET(_xlpm.result,INDEX(ระยะทาง!D:D, MATCH(TRIM($C94), TRIM(ระยะทาง!$A:$A), 0)),IF(ISNUMBER(SEARCH("-", _xlpm.result)), 0, _xlpm.result))} -> 1348553253 | F94: 593188455 | G94: 2.2221538 | H94: 461.725 | I94: 1 | J94: 6 | K94: 4.0769231 | L94: 3.5 | M94: 6.438 | N94: 30.096 | O94: 4 | P94: 6 | Q94: 4.1666667 | R94: 3.5 | S94: 5 | T94: 0 | U94: 0 | V94: 104737.88 | W94: 17851.64 | X94: 166736.43 | Y94: 107847.5 | Z94: 138.4981 | AA94: 380.09858 | AB94: 0.049988524 | AC94: 10.035436 | AD94: =D94*'ราคาต้นทุน (Asset)'!$E$1 -> 42883440 | AE94: {=_xlfn.LET(_xlpm.result,INDEX(ASSET!U:U, MATCH(TRIM($C94), TRIM(ASSET!$A:$A), 0)),IF(ISNUMBER(SEARCH("-", _xlpm.result)), 0, _xlpm.result))} -> 3813800 | AF94: =group_data_final[[#This Row],[ค่าบำรุงจุดกางเต็นท์]]/300000 -> 2 | AG94: {=_xlfn.LET(_xlpm.result,INDEX(ราคาค่าบำรุง!D:D, MATCH(TRIM($C94), TRIM(ราคาค่าบำรุง!$A:$A), 0)),IF(ISNUMBER(SEARCH("-", _xlpm.result)), 0, _xlpm.result))} -> 600000 | AH94: =group_data_final[[#This Row],[ค่าบำรุงจุดพักรถ]]/300000 -> 1 | AI94: {=_xlfn.LET(_xlpm.result,INDEX(ราคาค่าบำรุง!F:F, MATCH(TRIM($C94), TRIM(ราคาค่าบำรุง!$A:$A), 0)),IF(ISNUMBER(SEARCH("-", _xlpm.result)), 0, _xlpm.result))} -> 300000 | AJ94: =group_data_final[[#This Row],[ค่าบำรุงภูมิสถาปัตย์]]/300000 -> 0 | AK94: {=_xlfn.LET(_xlpm.result,INDEX(ราคาค่าบำรุง!H:H, MATCH(TRIM($C94), TRIM(ราคาค่าบำรุง!$A:$A), 0)),IF(ISNUMBER(SEARCH("-", _xlpm.result)), 0, _xlpm.result))} -> 0 | AL94: =IF(OR(COUNTIF(B94,"*กระบี่*"),COUNTIF(B94,"*จันทบุรี*"),COUNTIF(B94,"*ชุมพร*"),COUNTIF(B94,"*เชียงราย*"),COUNTIF(B94,"*ตรัง*"),COUNTIF(B94,"*นครนายก*"),COUNTIF(B94,"*ปราจีนบุรี*"),COUNTIF(B94,"*พัทลุง*"),COUNTIF(B94,"*ภูเก็ต*"),COUNTIF(B94,"*ยะลา*"),COUNTIF(B94,"*สกลนคร*"),COUNTIF(B94,"*สตูล*"),COUNTIF(B94,"*หนองคาย*"),COUNTIF(B94,"*สุราษฎร์ธานี*"),COUNTIF(B94,"*ปัตตานี*")),2, IF(OR(COUNTIF(B94,"*ตราด*"),COUNTIF(B94,"*นครพนม*"),COUNTIF(B94,"*นครศรีธรรมราช*"),COUNTIF(B94,"*นราธิวาส*"),COUNTIF(B94,"*บึงกาฬ*"),COUNTIF(B94,"*พังงา*"),COUNTIF(B94,"*ระนอง*"),COUNTIF(B94,"*สงขลา*")),4,0)) -> 0 | AM94: =_xlfn.XLOOKUP(group_data_final[[#This Row],[depot_code]],C:C,แผน68!D:D) -> 16316511 | AN94: 5807.8
A95: สำนักงานทางหลวงที่ 9 (อุบลราชธานี) | B95: ขท.อำนาจเจริญ | C95: 634 | D95: {=_xlfn.LET(_xlpm.result,INDEX(ระยะทาง!C:C, MATCH(TRIM(C95), TRIM(ระยะทาง!$A:$A), 0)),IF(ISNUMBER(SEARCH("-", _xlpm.result)), 0, _xlpm.result))} -> 762.275 | E95: {=_xlfn.LET(_xlpm.result,INDEX(ระยะทาง!D:D, MATCH(TRIM($C95), TRIM(ระยะทาง!$A:$A), 0)),IF(ISNUMBER(SEARCH("-", _xlpm.result)), 0, _xlpm.result))} -> 3125199114 | F95: 276691963 | G95: 2.2855 | H95: 353.638 | I95: 2 | J95: 8 | K95: 3.75 | L95: 3.569 | M95: 5 | N95: 28.877 | O95: 4 | P95: 8 | Q95: 4.75 | R95: 3.425 | S95: 5 | T95: 0 | U95: 0 | V95: 114583.46 | W95: 5769.4 | X95: 168562.21 | Y95: 11759.722 | Z95: 148.85015 | AA95: 80.753777 | AB95: 0.082327915 | AC95: 9.5665767 | AD95: =D95*'ราคาต้นทุน (Asset)'!$E$1 -> 45736500 | AE95: {=_xlfn.LET(_xlpm.result,INDEX(ASSET!U:U, MATCH(TRIM($C95), TRIM(ASSET!$A:$A), 0)),IF(ISNUMBER(SEARCH("-", _xlpm.result)), 0, _xlpm.result))} -> 3904900 | AF95: =group_data_final[[#This Row],[ค่าบำรุงจุดกางเต็นท์]]/300000 -> 0 | AG95: {=_xlfn.LET(_xlpm.result,INDEX(ราคาค่าบำรุง!D:D, MATCH(TRIM($C95), TRIM(ราคาค่าบำรุง!$A:$A), 0)),IF(ISNUMBER(SEARCH("-", _xlpm.result)), 0, _xlpm.result))} -> 0 | AH95: =group_data_final[[#This Row],[ค่าบำรุงจุดพักรถ]]/300000 -> 3 | AI95: {=_xlfn.LET(_xlpm.result,INDEX(ราคาค่าบำรุง!F:F, MATCH(TRIM($C95), TRIM(ราคาค่าบำรุง!$A:$A), 0)),IF(ISNUMBER(SEARCH("-", _xlpm.result)), 0, _xlpm.result))} -> 900000 | AJ95: =group_data_final[[#This Row],[ค่าบำรุงภูมิสถาปัตย์]]/300000 -> 1 | AK95: {=_xlfn.LET(_xlpm.result,INDEX(ราคาค่าบำรุง!H:H, MATCH(TRIM($C95), TRIM(ราคาค่าบำรุง!$A:$A), 0)),IF(ISNUMBER(SEARCH("-", _xlpm.result)), 0, _xlpm.result))} -> 300000 | AL95: =IF(OR(COUNTIF(B95,"*กระบี่*"),COUNTIF(B95,"*จันทบุรี*"),COUNTIF(B95,"*ชุมพร*"),COUNTIF(B95,"*เชียงราย*"),COUNTIF(B95,"*ตรัง*"),COUNTIF(B95,"*นครนายก*"),COUNTIF(B95,"*ปราจีนบุรี*"),COUNTIF(B95,"*พัทลุง*"),COUNTIF(B95,"*ภูเก็ต*"),COUNTIF(B95,"*ยะลา*"),COUNTIF(B95,"*สกลนคร*"),COUNTIF(B95,"*สตูล*"),COUNTIF(B95,"*หนองคาย*"),COUNTIF(B95,"*สุราษฎร์ธานี*"),COUNTIF(B95,"*ปัตตานี*")),2, IF(OR(COUNTIF(B95,"*ตราด*"),COUNTIF(B95,"*นครพนม*"),COUNTIF(B95,"*นครศรีธรรมราช*"),COUNTIF(B95,"*นราธิวาส*"),COUNTIF(B95,"*บึงกาฬ*"),COUNTIF(B95,"*พังงา*"),COUNTIF(B95,"*ระนอง*"),COUNTIF(B95,"*สงขลา*")),4,0)) -> 0 | AM95: =_xlfn.XLOOKUP(group_data_final[[#This Row],[depot_code]],C:C,แผน68!D:D) -> 16720168 | AN95: 6656.7
... A101: สำนักงานทางหลวงที่ 3 (สกลนคร) | B101: ขท.สกลนครที่ 2 (สว่างแดนดิน) | C101: 642 | D101: {=_xlfn.LET(_xlpm.result,INDEX(ระยะทาง!C:C, MATCH(TRIM(C101), TRIM(ระยะทาง!$A:$A), 0)),IF(ISNUMBER(SEARCH("-", _xlpm.result)), 0, _xlpm.result))} -> 660.036 | E101: {=_xlfn.LET(_xlpm.result,INDEX(ระยะทาง!D:D, MATCH(TRIM($C101), TRIM(ระยะทาง!$A:$A), 0)),IF(ISNUMBER(SEARCH("-", _xlpm.result)), 0, _xlpm.result))} -> 1761068728 | F101: 556548200 | G101: 2.2333333 | H101: 345.814 | I101: 2 | J101: 10 | K101: 3.2222222 | L101: 3.5 | M101: 5 | N101: 7.933 | O101: 4 | P101: 6 | Q101: 5 | R101: 3.5 | S101: 5 | T101: 0 | U101: 0 | V101: 139327.28 | W101: 41495.91 | X101: 163119 | Y101: 105389 | Z101: 170.17169 | AA101: 80.740678 | AB101: -0.044577016 | AC101: 7.317769 | AD101: =D101*'ราคาต้นทุน (Asset)'!$E$1 -> 39602160 | AE101: {=_xlfn.LET(_xlpm.result,INDEX(ASSET!U:U, MATCH(TRIM($C101), TRIM(ASSET!$A:$A), 0)),IF(ISNUMBER(SEARCH("-", _xlpm.result)), 0, _xlpm.result))} -> 2672900 | AF101: =group_data_final[[#This Row],[ค่าบำรุงจุดกางเต็นท์]]/300000 -> 2 | AG101: {=_xlfn.LET(_xlpm.result,INDEX(ราคาค่าบำรุง!D:D, MATCH(TRIM($C101), TRIM(ราคาค่าบำรุง!$A:$A), 0)),IF(ISNUMBER(SEARCH("-", _xlpm.result)), 0, _xlpm.result))} -> 600000 | AH101: =group_data_final[[#This Row],[ค่าบำรุงจุดพักรถ]]/300000 -> 2 | AI101: {=_xlfn.LET(_xlpm.result,INDEX(ราคาค่าบำรุง!F:F, MATCH(TRIM($C101), TRIM(ราคาค่าบำรุง!$A:$A), 0)),IF(ISNUMBER(SEARCH("-", _xlpm.result)), 0, _xlpm.result))} -> 600000 | AJ101: =group_data_final[[#This Row],[ค่าบำรุงภูมิสถาปัตย์]]/300000 -> 1 | AK101: {=_xlfn.LET(_xlpm.result,INDEX(ราคาค่าบำรุง!H:H, MATCH(TRIM($C101), TRIM(ราคาค่าบำรุง!$A:$A), 0)),IF(ISNUMBER(SEARCH("-", _xlpm.result)), 0, _xlpm.result))} -> 300000 | AL101: =IF(OR(COUNTIF(B101,"*กระบี่*"),COUNTIF(B101,"*จันทบุรี*"),COUNTIF(B101,"*ชุมพร*"),COUNTIF(B101,"*เชียงราย*"),COUNTIF(B101,"*ตรัง*"),COUNTIF(B101,"*นครนายก*"),COUNTIF(B101,"*ปราจีนบุรี*"),COUNTIF(B101,"*พัทลุง*"),COUNTIF(B101,"*ภูเก็ต*"),COUNTIF(B101,"*ยะลา*"),COUNTIF(B101,"*สกลนคร*"),COUNTIF(B101,"*สตูล*"),COUNTIF(B101,"*หนองคาย*"),COUNTIF(B101,"*สุราษฎร์ธานี*"),COUNTIF(B101,"*ปัตตานี*")),2, IF(OR(COUNTIF(B101,"*ตราด*"),COUNTIF(B101,"*นครพนม*"),COUNTIF(B101,"*นครศรีธรรมราช*"),COUNTIF(B101,"*นราธิวาส*"),COUNTIF(B101,"*บึงกาฬ*"),COUNTIF(B101,"*พังงา*"),COUNTIF(B101,"*ระนอง*"),COUNTIF(B101,"*สงขลา*")),4,0)) -> 2 | AM101: =_xlfn.XLOOKUP(group_data_final[[#This Row],[depot_code]],C:C,แผน68!D:D) -> 24252916 | AN101: 5579
A102: สำนักงานทางหลวงที่ 3 (สกลนคร) | B102: ขท.บึงกาฬ | C102: 643 | D102: {=_xlfn.LET(_xlpm.result,INDEX(ระยะทาง!C:C, MATCH(TRIM(C102), TRIM(ระยะทาง!$A:$A), 0)),IF(ISNUMBER(SEARCH("-", _xlpm.result)), 0, _xlpm.result))} -> 649.12 | E102: {=_xlfn.LET(_xlpm.result,INDEX(ระยะทาง!D:D, MATCH(TRIM($C102), TRIM(ระยะทาง!$A:$A), 0)),IF(ISNUMBER(SEARCH("-", _xlpm.result)), 0, _xlpm.result))} -> 4921738526 | F102: 82925588 | G102: 2.3902727 | H102: 512.045 | I102: 2 | J102: 8 | K102: 2.8181818 | L102: 3.5 | M102: 3.666 | N102: 7.09 | O102: 4 | P102: 6 | Q102: 4.6666667 | T102: 23800 | U102: 0 | V102: 169098.85 | W102: 25666.1 | X102: 105975.75 | Y102: 79809.294 | Z102: 161.1532 | AA102: 39.921399 | AB102: 0.067564645 | AC102: 9.3994642 | AD102: =D102*'ราคาต้นทุน (Asset)'!$E$1 -> 38947200 | AE102: {=_xlfn.LET(_xlpm.result,INDEX(ASSET!U:U, MATCH(TRIM($C102), TRIM(ASSET!$A:$A), 0)),IF(ISNUMBER(SEARCH("-", _xlpm.result)), 0, _xlpm.result))} -> 2788800 | AF102: =group_data_final[[#This Row],[ค่าบำรุงจุดกางเต็นท์]]/300000 -> 0 | AG102: {=_xlfn.LET(_xlpm.result,INDEX(ราคาค่าบำรุง!D:D, MATCH(TRIM($C102), TRIM(ราคาค่าบำรุง!$A:$A), 0)),IF(ISNUMBER(SEARCH("-", _xlpm.result)), 0, _xlpm.result))} -> 0 | AH102: =group_data_final[[#This Row],[ค่าบำรุงจุดพักรถ]]/300000 -> 0 | AI102: {=_xlfn.LET(_xlpm.result,INDEX(ราคาค่าบำรุง!F:F, MATCH(TRIM($C102), TRIM(ราคาค่าบำรุง!$A:$A), 0)),IF(ISNUMBER(SEARCH("-", _xlpm.result)), 0, _xlpm.result))} -> 0 | AJ102: =group_data_final[[#This Row],[ค่าบำรุงภูมิสถาปัตย์]]/300000 -> 1 | AK102: {=_xlfn.LET(_xlpm.result,INDEX(ราคาค่าบำรุง!H:H, MATCH(TRIM($C102), TRIM(ราคาค่าบำรุง!$A:$A), 0)),IF(ISNUMBER(SEARCH("-", _xlpm.result)), 0, _xlpm.result))} -> 300000 | AL102: =IF(OR(COUNTIF(B102,"*กระบี่*"),COUNTIF(B102,"*จันทบุรี*"),COUNTIF(B102,"*ชุมพร*"),COUNTIF(B102,"*เชียงราย*"),COUNTIF(B102,"*ตรัง*"),COUNTIF(B102,"*นครนายก*"),COUNTIF(B102,"*ปราจีนบุรี*"),COUNTIF(B102,"*พัทลุง*"),COUNTIF(B102,"*ภูเก็ต*"),COUNTIF(B102,"*ยะลา*"),COUNTIF(B102,"*สกลนคร*"),COUNTIF(B102,"*สตูล*"),COUNTIF(B102,"*หนองคาย*"),COUNTIF(B102,"*สุราษฎร์ธานี*"),COUNTIF(B102,"*ปัตตานี*")),2, IF(OR(COUNTIF(B102,"*ตราด*"),COUNTIF(B102,"*นครพนม*"),COUNTIF(B102,"*นครศรีธรรมราช*"),COUNTIF(B102,"*นราธิวาส*"),COUNTIF(B102,"*บึงกาฬ*"),COUNTIF(B102,"*พังงา*"),COUNTIF(B102,"*ระนอง*"),COUNTIF(B102,"*สงขลา*")),4,0)) -> 4 | AM102: =_xlfn.XLOOKUP(group_data_final[[#This Row],[depot_code]],C:C,แผน68!D:D) -> 11182835 | AN102: 4746
A103: สำนักงานทางหลวงที่ 3 (สกลนคร) | B103: ขท.นครพนม | C103: 644 | D103: {=_xlfn.LET(_xlpm.result,INDEX(ระยะทาง!C:C, MATCH(TRIM(C103), TRIM(ระยะทาง!$A:$A), 0)),IF(ISNUMBER(SEARCH("-", _xlpm.result)), 0, _xlpm.result))} -> 838.326 | E103: {=_xlfn.LET(_xlpm.result,INDEX(ระยะทาง!D:D, MATCH(TRIM($C103), TRIM(ระยะทาง!$A:$A), 0)),IF(ISNUMBER(SEARCH("-", _xlpm.result)), 0, _xlpm.result))} -> 6249320011 | F103: 450139675 | G103: 2.1638 | H103: 311.261 | I103: 2 | J103: 10 | K103: 3.5 | L103: 3.5 | M103: 5 | N103: 13.483 | O103: 4 | P103: 6 | Q103: 4.6 | R103: 3.35 | S103: 4.2 | T103: 0 | U103: 0 | V103: 96220.932 | W103: 8319.3 | X103: 70797.935 | Y103: 153609 | Z103: 154.54815 | AA103: 57.386448 | AB103: 0.072380444 | AC103: 7.3805022 | AD103: =D103*'ราคาต้นทุน (Asset)'!$E$1 -> 50299560 | AE103: {=_xlfn.LET(_xlpm.result,INDEX(ASSET!U:U, MATCH(TRIM($C103), TRIM(ASSET!$A:$A), 0)),IF(ISNUMBER(SEARCH("-", _xlpm.result)), 0, _xlpm.result))} -> 4010800 | AF103: =group_data_final[[#This Row],[ค่าบำรุงจุดกางเต็นท์]]/300000 -> 0 | AG103: {=_xlfn.LET(_xlpm.result,INDEX(ราคาค่าบำรุง!D:D, MATCH(TRIM($C103), TRIM(ราคาค่าบำรุง!$A:$A), 0)),IF(ISNUMBER(SEARCH("-", _xlpm.result)), 0, _xlpm.result))} -> 0 | AH103: =group_data_final[[#This Row],[ค่าบำรุงจุดพักรถ]]/300000 -> 0 | AI103: {=_xlfn.LET(_xlpm.result,INDEX(ราคาค่าบำรุง!F:F, MATCH(TRIM($C103), TRIM(ราคาค่าบำรุง!$A:$A), 0)),IF(ISNUMBER(SEARCH("-", _xlpm.result)), 0, _xlpm.result))} -> 0 | AJ103: =group_data_final[[#This Row],[ค่าบำรุงภูมิสถาปัตย์]]/300000 -> 2 | AK103: {=_xlfn.LET(_xlpm.result,INDEX(ราคาค่าบำรุง!H:H, MATCH(TRIM($C103), TRIM(ราคาค่าบำรุง!$A:$A), 0)),IF(ISNUMBER(SEARCH("-", _xlpm.result)), 0, _xlpm.result))} -> 600000 | AL103: =IF(OR(COUNTIF(B103,"*กระบี่*"),COUNTIF(B103,"*จันทบุรี*"),COUNTIF(B103,"*ชุมพร*"),COUNTIF(B103,"*เชียงราย*"),COUNTIF(B103,"*ตรัง*"),COUNTIF(B103,"*นครนายก*"),COUNTIF(B103,"*ปราจีนบุรี*"),COUNTIF(B103,"*พัทลุง*"),COUNTIF(B103,"*ภูเก็ต*"),COUNTIF(B103,"*ยะลา*"),COUNTIF(B103,"*สกลนคร*"),COUNTIF(B103,"*สตูล*"),COUNTIF(B103,"*หนองคาย*"),COUNTIF(B103,"*สุราษฎร์ธานี*"),COUNTIF(B103,"*ปัตตานี*")),2, IF(OR(COUNTIF(B103,"*ตราด*"),COUNTIF(B103,"*นครพนม*"),COUNTIF(B103,"*นครศรีธรรมราช*"),COUNTIF(B103,"*นราธิวาส*"),COUNTIF(B103,"*บึงกาฬ*"),COUNTIF(B103,"*พังงา*"),COUNTIF(B103,"*ระนอง*"),COUNTIF(B103,"*สงขลา*")),4,0)) -> 4 | AM103: =_xlfn.XLOOKUP(group_data_final[[#This Row],[depot_code]],C:C,แผน68!D:D) -> 15897455 | AN103: 5868
A104: สำนักงานทางหลวงที่ 3 (สกลนคร) | B104: ขท.หนองคาย | C104: 646 | D104: {=_xlfn.LET(_xlpm.result,INDEX(ระยะทาง!C:C, MATCH(TRIM(C104), TRIM(ระยะทาง!$A:$A), 0)),IF(ISNUMBER(SEARCH("-", _xlpm.result)), 0, _xlpm.result))} -> 678.7 | E104: {=_xlfn.LET(_xlpm.result,INDEX(ระยะทาง!D:D, MATCH(TRIM($C104), TRIM(ระยะทาง!$A:$A), 0)),IF(ISNUMBER(SEARCH("-", _xlpm.result)), 0, _xlpm.result))} -> 1698831960 | F104: 883420751 | G104: 2.4670625 | H104: 572.719 | I104: 2 | J104: 8 | K104: 3.625 | L104: 4.529 | M104: 5.078 | N104: 19.275 | O104: 2 | P104: 8 | Q104: 4.8888889 | R104: 3.5 | S104: 5 | T104: 61829 | U104: 0 | V104: 96605.471 | W104: 17547.2 | X104: 112923.01 | Y104: 190960 | Z104: 172.35406 | AA104: 33.80868 | AB104: -0.00064261711 | AC104: 13.002596 | AD104: =D104*'ราคาต้นทุน (Asset)'!$E$1 -> 40722000 | AE104: {=_xlfn.LET(_xlpm.result,INDEX(ASSET!U:U, MATCH(TRIM($C104), TRIM(ASSET!$A:$A), 0)),IF(ISNUMBER(SEARCH("-", _xlpm.result)), 0, _xlpm.result))} -> 3594600 | AF104: =group_data_final[[#This Row],[ค่าบำรุงจุดกางเต็นท์]]/300000 -> 1 | AG104: {=_xlfn.LET(_xlpm.result,INDEX(ราคาค่าบำรุง!D:D, MATCH(TRIM($C104), TRIM(ราคาค่าบำรุง!$A:$A), 0)),IF(ISNUMBER(SEARCH("-", _xlpm.result)), 0, _xlpm.result))} -> 300000 | AH104: =group_data_final[[#This Row],[ค่าบำรุงจุดพักรถ]]/300000 -> 0 | AI104: {=_xlfn.LET(_xlpm.result,INDEX(ราคาค่าบำรุง!F:F, MATCH(TRIM($C104), TRIM(ราคาค่าบำรุง!$A:$A), 0)),IF(ISNUMBER(SEARCH("-", _xlpm.result)), 0, _xlpm.result))} -> 0 | AJ104: =group_data_final[[#This Row],[ค่าบำรุงภูมิสถาปัตย์]]/300000 -> 0 | AK104: {=_xlfn.LET(_xlpm.result,INDEX(ราคาค่าบำรุง!H:H, MATCH(TRIM($C104), TRIM(ราคาค่าบำรุง!$A:$A), 0)),IF(ISNUMBER(SEARCH("-", _xlpm.result)), 0, _xlpm.result))} -> 0 | AL104: =IF(OR(COUNTIF(B104,"*กระบี่*"),COUNTIF(B104,"*จันทบุรี*"),COUNTIF(B104,"*ชุมพร*"),COUNTIF(B104,"*เชียงราย*"),COUNTIF(B104,"*ตรัง*"),COUNTIF(B104,"*นครนายก*"),COUNTIF(B104,"*ปราจีนบุรี*"),COUNTIF(B104,"*พัทลุง*"),COUNTIF(B104,"*ภูเก็ต*"),COUNTIF(B104,"*ยะลา*"),COUNTIF(B104,"*สกลนคร*"),COUNTIF(B104,"*สตูล*"),COUNTIF(B104,"*หนองคาย*"),COUNTIF(B104,"*สุราษฎร์ธานี*"),COUNTIF(B104,"*ปัตตานี*")),2, IF(OR(COUNTIF(B104,"*ตราด*"),COUNTIF(B104,"*นครพนม*"),COUNTIF(B104,"*นครศรีธรรมราช*"),COUNTIF(B104,"*นราธิวาส*"),COUNTIF(B104,"*บึงกาฬ*"),COUNTIF(B104,"*พังงา*"),COUNTIF(B104,"*ระนอง*"),COUNTIF(B104,"*สงขลา*")),4,0)) -> 2 | AM104: =_xlfn.XLOOKUP(group_data_final[[#This Row],[depot_code]],C:C,แผน68!D:D) -> 9945873 | AN104: 3575.9
A105: สำนักงานทางหลวงที่ 8 (มหาสารคาม) | B105: ขท.กาฬสินธุ์ | C105: 647 | D105: {=_xlfn.LET(_xlpm.result,INDEX(ระยะทาง!C:C, MATCH(TRIM(C105), TRIM(ระยะทาง!$A:$A), 0)),IF(ISNUMBER(SEARCH("-", _xlpm.result)), 0, _xlpm.result))} -> 945.158 | E105: {=_xlfn.LET(_xlpm.result,INDEX(ระยะทาง!D:D, MATCH(TRIM($C105), TRIM(ระยะทาง!$A:$A), 0)),IF(ISNUMBER(SEARCH("-", _xlpm.result)), 0, _xlpm.result))} -> 2623101690 | F105: 157654142 | G105: 2.3661364 | H105: 700.188 | I105: 2 | J105: 8 | K105: 3.6363636 | L105: 3.5 | M105: 8 | N105: 6.727 | O105: 4 | P105: 6 | Q105: 5.1666667 | R105: 3.5 | S105: 5 | T105: 0 | U105: 0 | V105: 173977.04 | W105: 158165.5 | X105: 98765.208 | Y105: 12550 | Z105: 175.12181 | AA105: 77.166004 | AB105: 0.06711175 | AC105: 10.700707 | AD105: =D105*'ราคาต้นทุน (Asset)'!$E$1 -> 56709480 | AE105: {=_xlfn.LET(_xlpm.result,INDEX(ASSET!U:U, MATCH(TRIM($C105), TRIM(ASSET!$A:$A), 0)),IF(ISNUMBER(SEARCH("-", _xlpm.result)), 0, _xlpm.result))} -> 4089200 | AF105: =group_data_final[[#This Row],[ค่าบำรุงจุดกางเต็นท์]]/300000 -> 0 | AG105: {=_xlfn.LET(_xlpm.result,INDEX(ราคาค่าบำรุง!D:D, MATCH(TRIM($C105), TRIM(ราคาค่าบำรุง!$A:$A), 0)),IF(ISNUMBER(SEARCH("-", _xlpm.result)), 0, _xlpm.result))} -> 0 | AH105: =group_data_final[[#This Row],[ค่าบำรุงจุดพักรถ]]/300000 -> 0 | AI105: {=_xlfn.LET(_xlpm.result,INDEX(ราคาค่าบำรุง!F:F, MATCH(TRIM($C105), TRIM(ราคาค่าบำรุง!$A:$A), 0)),IF(ISNUMBER(SEARCH("-", _xlpm.result)), 0, _xlpm.result))} -> 0 | AJ105: =group_data_final[[#This Row],[ค่าบำรุงภูมิสถาปัตย์]]/300000 -> 0 | AK105: {=_xlfn.LET(_xlpm.result,INDEX(ราคาค่าบำรุง!H:H, MATCH(TRIM($C105), TRIM(ราคาค่าบำรุง!$A:$A), 0)),IF(ISNUMBER(SEARCH("-", _xlpm.result)), 0, _xlpm.result))} -> 0 | AL105: =IF(OR(COUNTIF(B105,"*กระบี่*"),COUNTIF(B105,"*จันทบุรี*"),COUNTIF(B105,"*ชุมพร*"),COUNTIF(B105,"*เชียงราย*"),COUNTIF(B105,"*ตรัง*"),COUNTIF(B105,"*นครนายก*"),COUNTIF(B105,"*ปราจีนบุรี*"),COUNTIF(B105,"*พัทลุง*"),COUNTIF(B105,"*ภูเก็ต*"),COUNTIF(B105,"*ยะลา*"),COUNTIF(B105,"*สกลนคร*"),COUNTIF(B105,"*สตูล*"),COUNTIF(B105,"*หนองคาย*"),COUNTIF(B105,"*สุราษฎร์ธานี*"),COUNTIF(B105,"*ปัตตานี*")),2, IF(OR(COUNTIF(B105,"*ตราด*"),COUNTIF(B105,"*นครพนม*"),COUNTIF(B105,"*นครศรีธรรมราช*"),COUNTIF(B105,"*นราธิวาส*"),COUNTIF(B105,"*บึงกาฬ*"),COUNTIF(B105,"*พังงา*"),COUNTIF(B105,"*ระนอง*"),COUNTIF(B105,"*สงขลา*")),4,0)) -> 0 | AM105: =_xlfn.XLOOKUP(group_data_final[[#This Row],[depot_code]],C:C,แผน68!D:D) -> 5580390.4 | AN105: 10544

Sheet ASSET
A1: รหัส | B1: หน่วยงาน | C1: ท่อลอดทาง | E1: ท่อข้างทาง | G1: สะพานข้ามคลอง < 20 ม. | I1: สะพานลอยคนเดินข้าม | K1: ไฟสัญญาณจราจร | M1: ไฟคนเดินข้าม | O1: ไฟกระพริบ | Q1: ไฟฟ้าแสงสว่าง | S1: ศาลาทางหลวง | U1: รวมทั้งสิ้น
C2: จำนวน | D2: งบประมาณ (บาท) | E2: จำนวน | F2: งบประมาณ (บาท) | G2: จำนวน | H2: งบประมาณ (บาท) | I2: จำนวน | J2: งบประมาณ (บาท) | K2: จำนวน | L2: งบประมาณ (บาท) | M2: จำนวน | N2: งบประมาณ (บาท) | O2: จำนวน | P2: งบประมาณ (บาท) | Q2: จำนวน | R2: งบประมาณ (บาท) | S2: จำนวน | T2: งบประมาณ (บาท) | U2: (บาท)
A3: รหัส | B3: รวมทั้งสิ้น | C3: =SUM(C4:C107) -> 113606 | D3: =SUM(D4:D107) -> 56803000 | E3: =SUM(E4:E107) -> 195858 | F3: =SUM(F4:F107) -> 39171600 | G3: =SUM(G4:G107) -> 4515 | H3: =SUM(H4:H107) -> 2257500 | I3: =SUM(I4:I107) -> 2294 | J3: =SUM(J4:J107) -> 11470000 | ... U3: =SUM(U4:U107) -> 380941700
A4: 311 | B4: แขวงทางหลวงสงขลาที่ 1 | C4: 774 | D4: =IF(TRIM(C4)="-", "-", C4*'ราคาต้นทุน (Asset)'!$B$8) -> 387000 | E4: 2079 | F4: =IF(TRIM(E4)="-", "-", E4*'ราคาต้นทุน (Asset)'!$B$9) -> 415800 | G4: 20 | H4: =IF(TRIM(G4)="-", "-", G4*'ราคาต้นทุน (Asset)'!$B$11) -> 10000 | I4: 36 | J4: =IF(TRIM(I4)="-", "-", I4*'ราคาต้นทุน (Asset)'!$B$19) -> 180000 | K4: 45 | L4: =IF(TRIM(K4)="-", "-", K4*'ราคาต้นทุน (Asset)'!$B$24) -> 1800000 | M4: - | N4: =IF(TRIM(M4)="-", "-", M4*'ราคาต้นทุน (Asset)'!$B$25) -> - | O4: 252 | P4: =IF(TRIM(O4)="-", "-", O4*'ราคาต้นทุน (Asset)'!$B$26) -> 126000 | Q4: 14412 | R4: =IF(TRIM(Q4)="-", "-", Q4*'ราคาต้นทุน (Asset)'!$B$28) -> 1441200 | S4: 211 | T4: =IF(TRIM(S4)="-", "-", S4*'ราคาต้นทุน (Asset)'!$B$30) -> 633000 | U4: =SUM(D4,F4,H4,J4,L4,N4,P4,R4,T4) -> 4993000
A5: 312 | B5: แขวงทางหลวงยะลา | C5: 1226 | D5: =IF(TRIM(C5)="-", "-", C5*'ราคาต้นทุน (Asset)'!$B$8) -> 613000 | E5: 1085 | F5: =IF(TRIM(E5)="-", "-", E5*'ราคาต้นทุน (Asset)'!$B$9) -> 217000 | G5: 42 | H5: =IF(TRIM(G5)="-", "-", G5*'ราคาต้นทุน (Asset)'!$B$11) -> 21000 | I5: 3 | J5: =IF(TRIM(I5)="-", "-", I5*'ราคาต้นทุน (Asset)'!$B$19) -> 15000 | K5: 15 | L5: =IF(TRIM(K5)="-", "-", K5*'ราคาต้นทุน (Asset)'!$B$24) -> 600000 | M5: - | N5: =IF(TRIM(M5)="-", "-", M5*'ราคาต้นทุน (Asset)'!$B$25) -> - | O5: 1 | P5: =IF(TRIM(O5)="-", "-", O5*'ราคาต้นทุน (Asset)'!$B$26) -> 500 | Q5: 10443 | R5: =IF(TRIM(Q5)="-", "-", Q5*'ราคาต้นทุน (Asset)'!$B$28) -> 1044300 | S5: 95 | T5: =IF(TRIM(S5)="-", "-", S5*'ราคาต้นทุน (Asset)'!$B$30) -> 285000 | U5: =SUM(D5,F5,H5,J5,L5,N5,P5,R5,T5) -> 2795800
A6: 313 | B6: แขวงทางหลวงปัตตานี | C6: 994 | D6: =IF(TRIM(C6)="-", "-", C6*'ราคาต้นทุน (Asset)'!$B$8) -> 497000 | E6: 1135 | F6: =IF(TRIM(E6)="-", "-", E6*'ราคาต้นทุน (Asset)'!$B$9) -> 227000 | G6: 91 | H6: =IF(TRIM(G6)="-", "-", G6*'ราคาต้นทุน (Asset)'!$B$11) -> 45500 | I6: 18 | J6: =IF(TRIM(I6)="-", "-", I6*'ราคาต้นทุน (Asset)'!$B$19) -> 90000 | K6: 9 | L6: =IF(TRIM(K6)="-", "-", K6*'ราคาต้นทุน (Asset)'!$B$24) -> 360000 | M6: - | N6: =IF(TRIM(M6)="-", "-", M6*'ราคาต้นทุน (Asset)'!$B$25) -> - | O6: 216 | P6: =IF(TRIM(O6)="-", "-", O6*'ราคาต้นทุน (Asset)'!$B$26) -> 108000 | Q6: 8856 | R6: =IF(TRIM(Q6)="-", "-", Q6*'ราคาต้นทุน (Asset)'!$B$28) -> 885600 | S6: 104 | T6: =IF(TRIM(S6)="-", "-", S6*'ราคาต้นทุน (Asset)'!$B$30) -> 312000 | U6: =SUM(D6,F6,H6,J6,L6,N6,P6,R6,T6) -> 2525100
A7: 314 | B7: แขวงทางหลวงพัทลุง | C7: 1080 | D7: =IF(TRIM(C7)="-", "-", C7*'ราคาต้นทุน (Asset)'!$B$8) -> 540000 | E7: 884 | F7: =IF(TRIM(E7)="-", "-", E7*'ราคาต้นทุน (Asset)'!$B$9) -> 176800 | G7: 78 | H7: =IF(TRIM(G7)="-", "-", G7*'ราคาต้นทุน (Asset)'!$B$11) -> 39000 | I7: 19 | J7: =IF(TRIM(I7)="-", "-", I7*'ราคาต้นทุน (Asset)'!$B$19) -> 95000 | K7: 15 | L7: =IF(TRIM(K7)="-", "-", K7*'ราคาต้นทุน (Asset)'!$B$24) -> 600000 | M7: - | N7: =IF(TRIM(M7)="-", "-", M7*'ราคาต้นทุน (Asset)'!$B$25) -> - | O7: 130 | P7: =IF(TRIM(O7)="-", "-", O7*'ราคาต้นทุน (Asset)'!$B$26) -> 65000 | Q7: 8921 | R7: =IF(TRIM(Q7)="-", "-", Q7*'ราคาต้นทุน (Asset)'!$B$28) -> 892100 | S7: 172 | T7: =IF(TRIM(S7)="-", "-", S7*'ราคาต้นทุน (Asset)'!$B$30) -> 516000 | U7: =SUM(D7,F7,H7,J7,L7,N7,P7,R7,T7) -> 2923900
A8: 317 | B8: แขวงทางหลวงนราธิวาส | C8: 1632 | D8: =IF(TRIM(C8)="-", "-", C8*'ราคาต้นทุน (Asset)'!$B$8) -> 816000 | E8: 1485 | F8: =IF(TRIM(E8)="-", "-", E8*'ราคาต้นทุน (Asset)'!$B$9) -> 297000 | G8: 96 | H8: =IF(TRIM(G8)="-", "-", G8*'ราคาต้นทุน (Asset)'!$B$11) -> 48000 | I8: 16 | J8: =IF(TRIM(I8)="-", "-", I8*'ราคาต้นทุน (Asset)'!$B$19) -> 80000 | K8: 17 | L8: =IF(TRIM(K8)="-", "-", K8*'ราคาต้นทุน (Asset)'!$B$24) -> 680000 | M8: - | N8: =IF(TRIM(M8)="-", "-", M8*'ราคาต้นทุน (Asset)'!$B$25) -> - | O8: 2 | P8: =IF(TRIM(O8)="-", "-", O8*'ราคาต้นทุน (Asset)'!$B$26) -> 1000 | Q8: 12267 | R8: =IF(TRIM(Q8)="-", "-", Q8*'ราคาต้นทุน (Asset)'!$B$28) -> 1226700 | S8: 162 | T8: =IF(TRIM(S8)="-", "-", S8*'ราคาต้นทุน (Asset)'!$B$30) -> 486000 | U8: =SUM(D8,F8,H8,J8,L8,N8,P8,R8,T8) -> 3634700
A9: 318 | B9: แขวงทางหลวงสตูล | C9: 781 | D9: =IF(TRIM(C9)="-", "-", C9*'ราคาต้นทุน (Asset)'!$B$8) -> 390500 | E9: 1530 | F9: =IF(TRIM(E9)="-", "-", E9*'ราคาต้นทุน (Asset)'!$B$9) -> 306000 | G9: 25 | H9: =IF(TRIM(G9)="-", "-", G9*'ราคาต้นทุน (Asset)'!$B$11) -> 12500 | I9: 16 | J9: =IF(TRIM(I9)="-", "-", I9*'ราคาต้นทุน (Asset)'!$B$19) -> 80000 | K9: 40 | L9: =IF(TRIM(K9)="-", "-", K9*'ราคาต้นทุน (Asset)'!$B$24) -> 1600000 | M9: - | N9: =IF(TRIM(M9)="-", "-", M9*'ราคาต้นทุน (Asset)'!$B$25) -> - | O9: - | P9: =IF(TRIM(O9)="-", "-", O9*'ราคาต้นทุน (Asset)'!$B$26) -> - | Q9: 6567 | R9: =IF(TRIM(Q9)="-", "-", Q9*'ราคาต้นทุน (Asset)'!$B$28) -> 656700 | S9: 126 | T9: =IF(TRIM(S9)="-", "-", S9*'ราคาต้นทุน (Asset)'!$B$30) -> 378000 | U9: =SUM(D9,F9,H9,J9,L9,N9,P9,R9,T9) -> 3423700
A10: 319 | B10: แขวงทางหลวงสงขลาที่ 2 (นาหม่อม) | C10: 696 | D10: =IF(TRIM(C10)="-", "-", C10*'ราคาต้นทุน (Asset)'!$B$8) -> 348000 | E10: 873 | F10: =IF(TRIM(E10)="-", "-", E10*'ราคาต้นทุน (Asset)'!$B$9) -> 174600 | G10: 12 | H10: =IF(TRIM(G10)="-", "-", G10*'ราคาต้นทุน (Asset)'!$B$11) -> 6000 | I10: 15 | J10: =IF(TRIM(I10)="-", "-", I10*'ราคาต้นทุน (Asset)'!$B$19) -> 75000 | K10: 16 | L10: =IF(TRIM(K10)="-", "-", K10*'ราคาต้นทุน (Asset)'!$B$24) -> 640000 | M10: - | N10: =IF(TRIM(M10)="-", "-", M10*'ราคาต้นทุน (Asset)'!$B$25) -> - | O10: 211 | P10: =IF(TRIM(O10)="-", "-", O10*'ราคาต้นทุน (Asset)'!$B$26) -> 105500 | Q10: 5441 | R10: =IF(TRIM(Q10)="-", "-", Q10*'ราคาต้นทุน (Asset)'!$B$28) -> 544100 | S10: 67 | T10: =IF(TRIM(S10)="-", "-", S10*'ราคาต้นทุน (Asset)'!$B$30) -> 201000 | U10: =SUM(D10,F10,H10,J10,L10,N10,P10,R10,T10) -> 2094200
A11: 321 | B11: แขวงทางหลวงนครศรีธรรมราชที่ 1 | C11: 1094 | D11: =IF(TRIM(C11)="-", "-", C11*'ราคาต้นทุน (Asset)'!$B$8) -> 547000 | E11: 1720 | F11: =IF(TRIM(E11)="-", "-", E11*'ราคาต้นทุน (Asset)'!$B$9) -> 344000 | G11: 34 | H11: =IF(TRIM(G11)="-", "-", G11*'ราคาต้นทุน (Asset)'!$B$11) -> 17000 | I11: 37 | J11: =IF(TRIM(I11)="-", "-", I11*'ราคาต้นทุน (Asset)'!$B$19) -> 185000 | K11: 31 | L11: =IF(TRIM(K11)="-", "-", K11*'ราคาต้นทุน (Asset)'!$B$24) -> 1240000 | M11: - | N11: =IF(TRIM(M11)="-", "-", M11*'ราคาต้นทุน (Asset)'!$B$25) -> - | O11: 112 | P11: =IF(TRIM(O11)="-", "-", O11*'ราคาต้นทุน (Asset)'!$B$26) -> 56000 | Q11: 10883 | R11: =IF(TRIM(Q11)="-", "-", Q11*'ราคาต้นทุน (Asset)'!$B$28) -> 1088300 | S11: 303 | T11: =IF(TRIM(S11)="-", "-", S11*'ราคาต้นทุน (Asset)'!$B$30) -> 909000 | U11: =SUM(D11,F11,H11,J11,L11,N11,P11,R11,T11) -> 4386300
A12: 322 | B12: แขวงทางหลวงตรัง | C12: 1206 | D12: =IF(TRIM(C12)="-", "-", C12*'ราคาต้นทุน (Asset)'!$B$8) -> 603000 | E12: 4054 | F12: =IF(TRIM(E12)="-", "-", E12*'ราคาต้นทุน (Asset)'!$B$9) -> 810800 | G12: 62 | H12: =IF(TRIM(G12)="-", "-", G12*'ราคาต้นทุน (Asset)'!$B$11) -> 31000 | I12: 22 | J12: =IF(TRIM(I12)="-", "-", I12*'ราคาต้นทุน (Asset)'!$B$19) -> 110000 | K12: 25 | L12: =IF(TRIM(K12)="-", "-", K12*'ราคาต้นทุน (Asset)'!$B$24) -> 1000000 | M12: - | N12: =IF(TRIM(M12)="-", "-", M12*'ราคาต้นทุน (Asset)'!$B$25) -> - | O12: - | P12: =IF(TRIM(O12)="-", "-", O12*'ราคาต้นทุน (Asset)'!$B$26) -> - | Q12: 8629 | R12: =IF(TRIM(Q12)="-", "-", Q12*'ราคาต้นทุน (Asset)'!$B$28) -> 862900 | S12: 236 | T12: =IF(TRIM(S12)="-", "-", S12*'ราคาต้นทุน (Asset)'!$B$30) -> 708000 | U12: =SUM(D12,F12,H12,J12,L12,N12,P12,R12,T12) -> 4125700
A13: 323 | B13: แขวงทางหลวงกระบี่ | C13: 804 | D13: =IF(TRIM(C13)="-", "-", C13*'ราคาต้นทุน (Asset)'!$B$8) -> 402000 | E13: 725 | F13: =IF(TRIM(E13)="-", "-", E13*'ราคาต้นทุน (Asset)'!$B$9) -> 145000 | G13: 44 | H13: =IF(TRIM(G13)="-", "-", G13*'ราคาต้นทุน (Asset)'!$B$11) -> 22000 | I13: 14 | J13: =IF(TRIM(I13)="-", "-", I13*'ราคาต้นทุน (Asset)'!$B$19) -> 70000 | K13: 28 | L13: =IF(TRIM(K13)="-", "-", K13*'ราคาต้นทุน (Asset)'!$B$24) -> 1120000 | M13: - | N13: =IF(TRIM(M13)="-", "-", M13*'ราคาต้นทุน (Asset)'!$B$25) -> - | O13: 301 | P13: =IF(TRIM(O13)="-", "-", O13*'ราคาต้นทุน (Asset)'!$B$26) -> 150500 | Q13: 8125 | R13: =IF(TRIM(Q13)="-", "-", Q13*'ราคาต้นทุน (Asset)'!$B$28) -> 812500 | S13: 171 | T13: =IF(TRIM(S13)="-", "-", S13*'ราคาต้นทุน (Asset)'!$B$30) -> 513000 | U13: =SUM(D13,F13,H13,J13,L13,N13,P13,R13,T13) -> 3235000
A14: 324 | B14: แขวงทางหลวงภูเก็ต | C14: 311 | D14: =IF(TRIM(C14)="-", "-", C14*'ราคาต้นทุน (Asset)'!$B$8) -> 155500 | E14: 870 | F14: =IF(TRIM(E14)="-", "-", E14*'ราคาต้นทุน (Asset)'!$B$9) -> 174000 | G14: 31 | H14: =IF(TRIM(G14)="-", "-", G14*'ราคาต้นทุน (Asset)'!$B$11) -> 15500 | I14: 24 | J14: =IF(TRIM(I14)="-", "-", I14*'ราคาต้นทุน (Asset)'!$B$19) -> 120000 | K14: 53 | L14: =IF(TRIM(K14)="-", "-", K14*'ราคาต้นทุน (Asset)'!$B$24) -> 2120000 | M14: - | N14: =IF(TRIM(M14)="-", "-", M14*'ราคาต้นทุน (Asset)'!$B$25) -> - | O14: 145 | P14: =IF(TRIM(O14)="-", "-", O14*'ราคาต้นทุน (Asset)'!$B$26) -> 72500 | Q14: 11918 | R14: =IF(TRIM(Q14)="-", "-", Q14*'ราคาต้นทุน (Asset)'!$B$28) -> 1191800 | S14: 181 | T14: =IF(TRIM(S14)="-", "-", S14*'ราคาต้นทุน (Asset)'!$B$30) -> 543000 | U14: =SUM(D14,F14,H14,J14,L14,N14,P14,R14,T14) -> 4392300
A15: 325 | B15: แขวงทางหลวงสุราษฎร์ธานีที่ 1 (พุนพิน) | C15: 1497 | D15: =IF(TRIM(C15)="-", "-", C15*'ราคาต้นทุน (Asset)'!$B$8) -> 748500 | E15: 2960 | F15: =IF(TRIM(E15)="-", "-", E15*'ราคาต้นทุน (Asset)'!$B$9) -> 592000 | G15: 68 | H15: =IF(TRIM(G15)="-", "-", G15*'ราคาต้นทุน (Asset)'!$B$11) -> 34000 | I15: 25 | J15: =IF(TRIM(I15)="-", "-", I15*'ราคาต้นทุน (Asset)'!$B$19) -> 125000 | K15: 28 | L15: =IF(TRIM(K15)="-", "-", K15*'ราคาต้นทุน (Asset)'!$B$24) -> 1120000 | M15: - | N15: =IF(TRIM(M15)="-", "-", M15*'ราคาต้นทุน (Asset)'!$B$25) -> - | O15: 146 | P15: =IF(TRIM(O15)="-", "-", O15*'ราคาต้นทุน (Asset)'!$B$26) -> 73000 | Q15: 6817 | R15: =IF(TRIM(Q15)="-", "-", Q15*'ราคาต้นทุน (Asset)'!$B$28) -> 681700 | S15: - | T15: =IF(TRIM(S15)="-", "-", S15*'ราคาต้นทุน (Asset)'!$B$30) -> - | U15: =SUM(D15,F15,H15,J15,L15,N15,P15,R15,T15) -> 3374200
A16: 326 | B16: แขวงทางหลวงนครศรีธรรมราชที่ 2 (ทุ่งสง) | C16: 1481 | D16: =IF(TRIM(C16)="-", "-", C16*'ราคาต้นทุน (Asset)'!$B$8) -> 740500 | E16: 2727 | F16: =IF(TRIM(E16)="-", "-", E16*'ราคาต้นทุน (Asset)'!$B$9) -> 545400 | G16: 23 | H16: =IF(TRIM(G16)="-", "-", G16*'ราคาต้นทุน (Asset)'!$B$11) -> 11500 | I16: 30 | J16: =IF(TRIM(I16)="-", "-", I16*'ราคาต้นทุน (Asset)'!$B$19) -> 150000 | K16: 12 | L16: =IF(TRIM(K16)="-", "-", K16*'ราคาต้นทุน (Asset)'!$B$24) -> 480000 | M16: - | N16: =IF(TRIM(M16)="-", "-", M16*'ราคาต้นทุน (Asset)'!$B$25) -> - | O16: 162 | P16: =IF(TRIM(O16)="-", "-", O16*'ราคาต้นทุน (Asset)'!$B$26) -> 81000 | Q16: 7848 | R16: =IF(TRIM(Q16)="-", "-", Q16*'ราคาต้นทุน (Asset)'!$B$28) -> 784800 | S16: 263 | T16: =IF(TRIM(S16)="-", "-", S16*'ราคาต้นทุน (Asset)'!$B$30) -> 789000 | U16: =SUM(D16,F16,H16,J16,L16,N16,P16,R16,T16) -> 3582200
A17: 327 | B17: แขวงทางหลวงพังงา | C17: 1268 | D17: =IF(TRIM(C17)="-", "-", C17*'ราคาต้นทุน (Asset)'!$B$8) -> 634000 | E17: 221 | F17: =IF(TRIM(E17)="-", "-", E17*'ราคาต้นทุน (Asset)'!$B$9) -> 44200 | G17: 36 | H17: =IF(TRIM(G17)="-", "-", G17*'ราคาต้นทุน (Asset)'!$B$11) -> 18000 | I17: 12 | J17: =IF(TRIM(I17)="-", "-", I17*'ราคาต้นทุน (Asset)'!$B$19) -> 60000 | K17: 19 | L17: =IF(TRIM(K17)="-", "-", K17*'ราคาต้นทุน (Asset)'!$B$24) -> 760000 | M17: - | N17: =IF(TRIM(M17)="-", "-", M17*'ราคาต้นทุน (Asset)'!$B$25) -> - | O17: 3 | P17: =IF(TRIM(O17)="-", "-", O17*'ราคาต้นทุน (Asset)'!$B$26) -> 1500 | Q17: 10171 | R17: =IF(TRIM(Q17)="-", "-", Q17*'ราคาต้นทุน (Asset)'!$B$28) -> 1017100 | S17: 219 | T17: =IF(TRIM(S17)="-", "-", S17*'ราคาต้นทุน (Asset)'!$B$30) -> 657000 | U17: =SUM(D17,F17,H17,J17,L17,N17,P17,R17,T17) -> 3191800
A18: 328 | B18: แขวงทางหลวงสุราษฎร์ธานีที่ 2 (กาญจนดิษฐ์) | C18: 1064 | D18: =IF(TRIM(C18)="-", "-", C18*'ราคาต้นทุน (Asset)'!$B$8) -> 532000 | E18: 1811 | F18: =IF(TRIM(E18)="-", "-", E18*'ราคาต้นทุน (Asset)'!$B$9) -> 362200 | G18: 30 | H18: =IF(TRIM(G18)="-", "-", G18*'ราคาต้นทุน (Asset)'!$B$11) -> 15000 | I18: 18 | J18: =IF(TRIM(I18)="-", "-", I18*'ราคาต้นทุน (Asset)'!$B$19) -> 90000 | K18: 22 | L18: =IF(TRIM(K18)="-", "-", K18*'ราคาต้นทุน (Asset)'!$B$24) -> 880000 | M18: - | N18: =IF(TRIM(M18)="-", "-", M18*'ราคาต้นทุน (Asset)'!$B$25) -> - | O18: 2 | P18: =IF(TRIM(O18)="-", "-", O18*'ราคาต้นทุน (Asset)'!$B$26) -> 1000 | Q18: 3906 | R18: =IF(TRIM(Q18)="-", "-", Q18*'ราคาต้นทุน (Asset)'!$B$28) -> 390600 | S18: 118 | T18: =IF(TRIM(S18)="-", "-", S18*'ราคาต้นทุน (Asset)'!$B$30) -> 354000 | U18: =SUM(D18,F18,H18,J18,L18,N18,P18,R18,T18) -> 2624800
A19: 329 | B19: แขวงทางหลวงสุราษฎร์ธานีที่ 3 (เวียงสระ) | C19: 867 | D19: =IF(TRIM(C19)="-", "-", C19*'ราคาต้นทุน (Asset)'!$B$8) -> 433500 | E19: 1029 | F19: =IF(TRIM(E19)="-", "-", E19*'ราคาต้นทุน (Asset)'!$B$9) -> 205800 | G19: 21 | H19: =IF(TRIM(G19)="-", "-", G19*'ราคาต้นทุน (Asset)'!$B$11) -> 10500 | I19: 11 | J19: =IF(TRIM(I19)="-", "-", I19*'ราคาต้นทุน (Asset)'!$B$19) -> 55000 | K19: 15 | L19: =IF(TRIM(K19)="-", "-", K19*'ราคาต้นทุน (Asset)'!$B$24) -> 600000 | M19: 3 | N19: =IF(TRIM(M19)="-", "-", M19*'ราคาต้นทุน (Asset)'!$B$25) -> 1500 | O19: 1 | P19: =IF(TRIM(O19)="-", "-", O19*'ราคาต้นทุน (Asset)'!$B$26) -> 500 | Q19: 8366 | R19: =IF(TRIM(Q19)="-", "-", Q19*'ราคาต้นทุน (Asset)'!$B$28) -> 836600 | S19: 130 | T19: =IF(TRIM(S19)="-", "-", S19*'ราคาต้นทุน (Asset)'!$B$30) -> 390000 | U19: =SUM(D19,F19,H19,J19,L19,N19,P19,R19,T19) -> 2533400
A20: 331 | B20: แขวงทางหลวงระนอง | C20: 1338 | D20: =IF(TRIM(C20)="-", "-", C20*'ราคาต้นทุน (Asset)'!$B$8) -> 669000 | E20: 3511 | F20: =IF(TRIM(E20)="-", "-", E20*'ราคาต้นทุน (Asset)'!$B$9) -> 702200 | G20: 46 | H20: =IF(TRIM(G20)="-", "-", G20*'ราคาต้นทุน (Asset)'!$B$11) -> 23000 | I20: 5 | J20: =IF(TRIM(I20)="-", "-", I20*'ราคาต้นทุน (Asset)'!$B$19) -> 25000 | K20: 6 | L20: =IF(TRIM(K20)="-", "-", K20*'ราคาต้นทุน (Asset)'!$B$24) -> 240000 | M20: - | N20: =IF(TRIM(M20)="-", "-", M20*'ราคาต้นทุน (Asset)'!$B$25) -> - | O20: 132 | P20: =IF(TRIM(O20)="-", "-", O20*'ราคาต้นทุน (Asset)'!$B$26) -> 66000 | Q20: 7261 | R20: =IF(TRIM(Q20)="-", "-", Q20*'ราคาต้นทุน (Asset)'!$B$28) -> 726100 | S20: 210 | T20: =IF(TRIM(S20)="-", "-", S20*'ราคาต้นทุน (Asset)'!$B$30) -> 630000 | U20: =SUM(D20,F20,H20,J20,L20,N20,P20,R20,T20) -> 3081300
A21: 332 | B21: แขวงทางหลวงชุมพร | C21: 667 | D21: =IF(TRIM(C21)="-", "-", C21*'ราคาต้นทุน (Asset)'!$B$8) -> 333500 | E21: 4535 | F21: =IF(TRIM(E21)="-", "-", E21*'ราคาต้นทุน (Asset)'!$B$9) -> 907000 | G21: 58 | H21: =IF(TRIM(G21)="-", "-", G21*'ราคาต้นทุน (Asset)'!$B$11) -> 29000 | I21: 22 | J21: =IF(TRIM(I21)="-", "-", I21*'ราคาต้นทุน (Asset)'!$B$19) -> 110000 | K21: 12 | L21: =IF(TRIM(K21)="-", "-", K21*'ราคาต้นทุน (Asset)'!$B$24) -> 480000 | M21: - | N21: =IF(TRIM(M21)="-", "-", M21*'ราคาต้นทุน (Asset)'!$B$25) -> - | O21: 109 | P21: =IF(TRIM(O21)="-", "-", O21*'ราคาต้นทุน (Asset)'!$B$26) -> 54500 | Q21: 7251 | R21: =IF(TRIM(Q21)="-", "-", Q21*'ราคาต้นทุน (Asset)'!$B$28) -> 725100 | S21: 176 | T21: =IF(TRIM(S21)="-", "-", S21*'ราคาต้นทุน (Asset)'!$B$30) -> 528000 | U21: =SUM(D21,F21,H21,J21,L21,N21,P21,R21,T21) -> 3167100
A22: 333 | B22: แขวงทางหลวงประจวบคีรีขันธ์ (หัวหิน) | C22: 1044 | D22: =IF(TRIM(C22)="-", "-", C22*'ราคาต้นทุน (Asset)'!$B$8) -> 522000 | E22: 2237 | F22: =IF(TRIM(E22)="-", "-", E22*'ราคาต้นทุน (Asset)'!$B$9) -> 447400 | G22: 80 | H22: =IF(TRIM(G22)="-", "-", G22*'ราคาต้นทุน (Asset)'!$B$11) -> 40000 | I22: 32 | J22: =IF(TRIM(I22)="-", "-", I22*'ราคาต้นทุน (Asset)'!$B$19) -> 160000 | K22: 19 | L22: =IF(TRIM(K22)="-", "-", K22*'ราคาต้นทุน (Asset)'!$B$24) -> 760000 | M22: - | N22: =IF(TRIM(M22)="-", "-", M22*'ราคาต้นทุน (Asset)'!$B$25) -> - | O22: 1 | P22: =IF(TRIM(O22)="-", "-", O22*'ราคาต้นทุน (Asset)'!$B$26) -> 500 | Q22: 8618 | R22: =IF(TRIM(Q22)="-", "-", Q22*'ราคาต้นทุน (Asset)'!$B$28) -> 861800 | S22: 178 | T22: =IF(TRIM(S22)="-", "-", S22*'ราคาต้นทุน (Asset)'!$B$30) -> 534000 | U22: =SUM(D22,F22,H22,J22,L22,N22,P22,R22,T22) -> 3325700
A23: 335 | B23: แขวงทางหลวงราชบุรี | C23: 567 | D23: =IF(TRIM(C23)="-", "-", C23*'ราคาต้นทุน (Asset)'!$B$8) -> 283500 | E23: 5898 | F23: =IF(TRIM(E23)="-", "-", E23*'ราคาต้นทุน (Asset)'!$B$9) -> 1179600 | G23: 47 | H23: =IF(TRIM(G23)="-", "-", G23*'ราคาต้นทุน (Asset)'!$B$11) -> 23500 | I23: 13 | J23: =IF(TRIM(I23)="-", "-", I23*'ราคาต้นทุน (Asset)'!$B$19) -> 65000 | K23: 42 | L23: =IF(TRIM(K23)="-", "-", K23*'ราคาต้นทุน (Asset)'!$B$24) -> 1680000 | M23: 4 | N23: =IF(TRIM(M23)="-", "-", M23*'ราคาต้นทุน (Asset)'!$B$25) -> 2000 | O23: 167 | P23: =IF(TRIM(O23)="-", "-", O23*'ราคาต้นทุน (Asset)'!$B$26) -> 83500 | Q23: 14620 | R23: =IF(TRIM(Q23)="-", "-", Q23*'ราคาต้นทุน (Asset)'!$B$28) -> 1462000 | S23: 249 | T23: =IF(TRIM(S23)="-", "-", S23*'ราคาต้นทุน (Asset)'!$B$30) -> 747000 | U23: =SUM(D23,F23,H23,J23,L23,N23,P23,R23,T23) -> 5526100
A24: 336 | B24: แขวงทางหลวงนครปฐม | C24: 59 | D24: =IF(TRIM(C24)="-", "-", C24*'ราคาต้นทุน (Asset)'!$B$8) -> 29500 | E24: 1979 | F24: =IF(TRIM(E24)="-", "-", E24*'ราคาต้นทุน (Asset)'!$B$9) -> 395800 | G24: 49 | H24: =IF(TRIM(G24)="-", "-", G24*'ราคาต้นทุน (Asset)'!$B$11) -> 24500 | I24: 33 | J24: =IF(TRIM(I24)="-", "-", I24*'ราคาต้นทุน (Asset)'!$B$19) -> 165000 | K24: 31 | L24: =IF(TRIM(K24)="-", "-", K24*'ราคาต้นทุน (Asset)'!$B$24) -> 1240000 | M24: - | N24: =IF(TRIM(M24)="-", "-", M24*'ราคาต้นทุน (Asset)'!$B$25) -> - | O24: 82 | P24: =IF(TRIM(O24)="-", "-", O24*'ราคาต้นทุน (Asset)'!$B$26) -> 41000 | Q24: 7377 | R24: =IF(TRIM(Q24)="-", "-", Q24*'ราคาต้นทุน (Asset)'!$B$28) -> 737700 | S24: 392 | T24: =IF(TRIM(S24)="-", "-", S24*'ราคาต้นทุน (Asset)'!$B$30) -> 1176000 | U24: =SUM(D24,F24,H24,J24,L24,N24,P24,R24,T24) -> 3809500
A25: 337 | B25: แขวงทางหลวงสมุทรสงคราม | C25: 699 | D25: =IF(TRIM(C25)="-", "-", C25*'ราคาต้นทุน (Asset)'!$B$8) -> 349500 | E25: 737 | F25: =IF(TRIM(E25)="-", "-", E25*'ราคาต้นทุน (Asset)'!$B$9) -> 147400 | G25: 135 | H25: =IF(TRIM(G25)="-", "-", G25*'ราคาต้นทุน (Asset)'!$B$11) -> 67500 | I25: 26 | J25: =IF(TRIM(I25)="-", "-", I25*'ราคาต้นทุน (Asset)'!$B$19) -> 130000 | K25: 16 | L25: =IF(TRIM(K25)="-", "-", K25*'ราคาต้นทุน (Asset)'!$B$24) -> 640000 | M25: - | N25: =IF(TRIM(M25)="-", "-", M25*'ราคาต้นทุน (Asset)'!$B$25) -> - | O25: 84 | P25: =IF(TRIM(O25)="-", "-", O25*'ราคาต้นทุน (Asset)'!$B$26) -> 42000 | Q25: 8313 | R25: =IF(TRIM(Q25)="-", "-", Q25*'ราคาต้นทุน (Asset)'!$B$28) -> 831300 | S25: 157 | T25: =IF(TRIM(S25)="-", "-", S25*'ราคาต้นทุน (Asset)'!$B$30) -> 471000 | U25: =SUM(D25,F25,H25,J25,L25,N25,P25,R25,T25) -> 2678700
A26: 338 | B26: แขวงทางหลวงเพชรบุรี | C26: 1126 | D26: =IF(TRIM(C26)="-", "-", C26*'ราคาต้นทุน (Asset)'!$B$8) -> 563000 | E26: 3051 | F26: =IF(TRIM(E26)="-", "-", E26*'ราคาต้นทุน (Asset)'!$B$9) -> 610200 | G26: 94 | H26: =IF(TRIM(G26)="-", "-", G26*'ราคาต้นทุน (Asset)'!$B$11) -> 47000 | I26: 19 | J26: =IF(TRIM(I26)="-", "-", I26*'ราคาต้นทุน (Asset)'!$B$19) -> 95000 | K26: 26 | L26: =IF(TRIM(K26)="-", "-", K26*'ราคาต้นทุน (Asset)'!$B$24) -> 1040000 | M26: - | N26: =IF(TRIM(M26)="-", "-", M26*'ราคาต้นทุน (Asset)'!$B$25) -> - | O26: 234 | P26: =IF(TRIM(O26)="-", "-", O26*'ราคาต้นทุน (Asset)'!$B$26) -> 117000 | Q26: 9906 | R26: =IF(TRIM(Q26)="-", "-", Q26*'ราคาต้นทุน (Asset)'!$B$28) -> 990600 | S26: 111 | T26: =IF(TRIM(S26)="-", "-", S26*'ราคาต้นทุน (Asset)'!$B$30) -> 333000 | U26: =SUM(D26,F26,H26,J26,L26,N26,P26,R26,T26) -> 3795800
A27: 411 | B27: แขวงทางหลวงกรุงเทพ | C27: 245 | D27: =IF(TRIM(C27)="-", "-", C27*'ราคาต้นทุน (Asset)'!$B$8) -> 122500 | E27: 8973 | F27: =IF(TRIM(E27)="-", "-", E27*'ราคาต้นทุน (Asset)'!$B$9) -> 1794600 | G27: 17 | H27: =IF(TRIM(G27)="-", "-", G27*'ราคาต้นทุน (Asset)'!$B$11) -> 8500 | I27: 137 | J27: =IF(TRIM(I27)="-", "-", I27*'ราคาต้นทุน (Asset)'!$B$19) -> 685000 | K27: 24 | L27: =IF(TRIM(K27)="-", "-", K27*'ราคาต้นทุน (Asset)'!$B$24) -> 960000 | M27: 3 | N27: =IF(TRIM(M27)="-", "-", M27*'ราคาต้นทุน (Asset)'!$B$25) -> 1500 | O27: 129 | P27: =IF(TRIM(O27)="-", "-", O27*'ราคาต้นทุน (Asset)'!$B$26) -> 64500 | Q27: 8190 | R27: =IF(TRIM(Q27)="-", "-", Q27*'ราคาต้นทุน (Asset)'!$B$28) -> 819000 | S27: 402 | T27: =IF(TRIM(S27)="-", "-", S27*'ราคาต้นทุน (Asset)'!$B$30) -> 1206000 | U27: =SUM(D27,F27,H27,J27,L27,N27,P27,R27,T27) -> 5661600
A28: 413 | B28: แขวงทางหลวงอยุธยา | C28: 886 | D28: =IF(TRIM(C28)="-", "-", C28*'ราคาต้นทุน (Asset)'!$B$8) -> 443000 | E28: 200 | F28: =IF(TRIM(E28)="-", "-", E28*'ราคาต้นทุน (Asset)'!$B$9) -> 40000 | G28: 35 | H28: =IF(TRIM(G28)="-", "-", G28*'ราคาต้นทุน (Asset)'!$B$11) -> 17500 | I28: 49 | J28: =IF(TRIM(I28)="-", "-", I28*'ราคาต้นทุน (Asset)'!$B$19) -> 245000 | K28: 28 | L28: =IF(TRIM(K28)="-", "-", K28*'ราคาต้นทุน (Asset)'!$B$24) -> 1120000 | M28: - | N28: =IF(TRIM(M28)="-", "-", M28*'ราคาต้นทุน (Asset)'!$B$25) -> - | O28: 256 | P28: =IF(TRIM(O28)="-", "-", O28*'ราคาต้นทุน (Asset)'!$B$26) -> 128000 | Q28: 7579 | R28: =IF(TRIM(Q28)="-", "-", Q28*'ราคาต้นทุน (Asset)'!$B$28) -> 757900 | S28: 304 | T28: =IF(TRIM(S28)="-", "-", S28*'ราคาต้นทุน (Asset)'!$B$30) -> 912000 | U28: =SUM(D28,F28,H28,J28,L28,N28,P28,R28,T28) -> 3663400
A29: 414 | B29: แขวงทางหลวงนครนายก | C29: 1005 | D29: =IF(TRIM(C29)="-", "-", C29*'ราคาต้นทุน (Asset)'!$B$8) -> 502500 | E29: 1868 | F29: =IF(TRIM(E29)="-", "-", E29*'ราคาต้นทุน (Asset)'!$B$9) -> 373600 | G29: 29 | H29: =IF(TRIM(G29)="-", "-", G29*'ราคาต้นทุน (Asset)'!$B$11) -> 14500 | I29: 32 | J29: =IF(TRIM(I29)="-", "-", I29*'ราคาต้นทุน (Asset)'!$B$19) -> 160000 | K29: 27 | L29: =IF(TRIM(K29)="-", "-", K29*'ราคาต้นทุน (Asset)'!$B$24) -> 1080000 | M29: 2 | N29: =IF(TRIM(M29)="-", "-", M29*'ราคาต้นทุน (Asset)'!$B$25) -> 1000 | O29: 93 | P29: =IF(TRIM(O29)="-", "-", O29*'ราคาต้นทุน (Asset)'!$B$26) -> 46500 | Q29: 8425 | R29: =IF(TRIM(Q29)="-", "-", Q29*'ราคาต้นทุน (Asset)'!$B$28) -> 842500 | S29: 198 | T29: =IF(TRIM(S29)="-", "-", S29*'ราคาต้นทุน (Asset)'!$B$30) -> 594000 | U29: =SUM(D29,F29,H29,J29,L29,N29,P29,R29,T29) -> 3614600
A30: 415 | B30: แขวงทางหลวงสมุทรสาคร | C30: 300 | D30: =IF(TRIM(C30)="-", "-", C30*'ราคาต้นทุน (Asset)'!$B$8) -> 150000 | E30: 11190 | F30: =IF(TRIM(E30)="-", "-", E30*'ราคาต้นทุน (Asset)'!$B$9) -> 2238000 | G30: 102 | H30: =IF(TRIM(G30)="-", "-", G30*'ราคาต้นทุน (Asset)'!$B$11) -> 51000 | I30: 101 | J30: =IF(TRIM(I30)="-", "-", I30*'ราคาต้นทุน (Asset)'!$B$19) -> 505000 | K30: 19 | L30: =IF(TRIM(K30)="-", "-", K30*'ราคาต้นทุน (Asset)'!$B$24) -> 760000 | M30: 1 | N30: =IF(TRIM(M30)="-", "-", M30*'ราคาต้นทุน (Asset)'!$B$25) -> 500 | O30: 79 | P30: =IF(TRIM(O30)="-", "-", O30*'ราคาต้นทุน (Asset)'!$B$26) -> 39500 | Q30: 7083 | R30: =IF(TRIM(Q30)="-", "-", Q30*'ราคาต้นทุน (Asset)'!$B$28) -> 708300 | S30: 228 | T30: =IF(TRIM(S30)="-", "-", S30*'ราคาต้นทุน (Asset)'!$B$30) -> 684000 | U30: =SUM(D30,F30,H30,J30,L30,N30,P30,R30,T30) -> 5136300
A31: 416 | B31: แขวงทางหลวงปทุมธานี | C31: 318 | D31: =IF(TRIM(C31)="-", "-", C31*'ราคาต้นทุน (Asset)'!$B$8) -> 159000 | E31: 1955 | F31: =IF(TRIM(E31)="-", "-", E31*'ราคาต้นทุน (Asset)'!$B$9) -> 391000 | G31: 30 | H31: =IF(TRIM(G31)="-", "-", G31*'ราคาต้นทุน (Asset)'!$B$11) -> 15000 | I31: 97 | J31: =IF(TRIM(I31)="-", "-", I31*'ราคาต้นทุน (Asset)'!$B$19) -> 485000 | K31: 27 | L31: =IF(TRIM(K31)="-", "-", K31*'ราคาต้นทุน (Asset)'!$B$24) -> 1080000 | M31: - | N31: =IF(TRIM(M31)="-", "-", M31*'ราคาต้นทุน (Asset)'!$B$25) -> - | O31: 73 | P31: =IF(TRIM(O31)="-", "-", O31*'ราคาต้นทุน (Asset)'!$B$26) -> 36500 | Q31: 5932 | R31: =IF(TRIM(Q31)="-", "-", Q31*'ราคาต้นทุน (Asset)'!$B$28) -> 593200 | S31: 276 | T31: =IF(TRIM(S31)="-", "-", S31*'ราคาต้นทุน (Asset)'!$B$30) -> 828000 | U31: =SUM(D31,F31,H31,J31,L31,N31,P31,R31,T31) -> 3587700
A32: 417 | B32: แขวงทางหลวงสมุทรปราการ | C32: 234 | D32: =IF(TRIM(C32)="-", "-", C32*'ราคาต้นทุน (Asset)'!$B$8) -> 117000 | E32: 8123 | F32: =IF(TRIM(E32)="-", "-", E32*'ราคาต้นทุน (Asset)'!$B$9) -> 1624600 | G32: 80 | H32: =IF(TRIM(G32)="-", "-", G32*'ราคาต้นทุน (Asset)'!$B$11) -> 40000 | I32: 153 | J32: =IF(TRIM(I32)="-", "-", I32*'ราคาต้นทุน (Asset)'!$B$19) -> 765000 | K32: 29 | L32: =IF(TRIM(K32)="-", "-", K32*'ราคาต้นทุน (Asset)'!$B$24) -> 1160000 | M32: - | N32: =IF(TRIM(M32)="-", "-", M32*'ราคาต้นทุน (Asset)'!$B$25) -> - | O32: - | P32: =IF(TRIM(O32)="-", "-", O32*'ราคาต้นทุน (Asset)'!$B$26) -> - | Q32: 8158 | R32: =IF(TRIM(Q32)="-", "-", Q32*'ราคาต้นทุน (Asset)'!$B$28) -> 815800 | S32: 254 | T32: =IF(TRIM(S32)="-", "-", S32*'ราคาต้นทุน (Asset)'!$B$30) -> 762000 | U32: =SUM(D32,F32,H32,J32,L32,N32,P32,R32,T32) -> 5284400
A33: 418 | B33: แขวงทางหลวงนนทบุรี | C33: 343 | D33: =IF(TRIM(C33)="-", "-", C33*'ราคาต้นทุน (Asset)'!$B$8) -> 171500 | E33: 5012 | F33: =IF(TRIM(E33)="-", "-", E33*'ราคาต้นทุน (Asset)'!$B$9) -> 1002400 | G33: 22 | H33: =IF(TRIM(G33)="-", "-", G33*'ราคาต้นทุน (Asset)'!$B$11) -> 11000 | I33: 106 | J33: =IF(TRIM(I33)="-", "-", I33*'ราคาต้นทุน (Asset)'!$B$19) -> 530000 | K33: 23 | L33: =IF(TRIM(K33)="-", "-", K33*'ราคาต้นทุน (Asset)'!$B$24) -> 920000 | M33: 1 | N33: =IF(TRIM(M33)="-", "-", M33*'ราคาต้นทุน (Asset)'!$B$25) -> 500 | O33: 82 | P33: =IF(TRIM(O33)="-", "-", O33*'ราคาต้นทุน (Asset)'!$B$26) -> 41000 | Q33: 6904 | R33: =IF(TRIM(Q33)="-", "-", Q33*'ราคาต้นทุน (Asset)'!$B$28) -> 690400 | S33: 419 | T33: =IF(TRIM(S33)="-", "-", S33*'ราคาต้นทุน (Asset)'!$B$30) -> 1257000 | U33: =SUM(D33,F33,H33,J33,L33,N33,P33,R33,T33) -> 4623800
A34: 419 | B34: แขวงทางหลวงธนบุรี | C34: 40 | D34: =IF(TRIM(C34)="-", "-", C34*'ราคาต้นทุน (Asset)'!$B$8) -> 20000 | E34: 4759 | F34: =IF(TRIM(E34)="-", "-", E34*'ราคาต้นทุน (Asset)'!$B$9) -> 951800 | G34: 38 | H34: =IF(TRIM(G34)="-", "-", G34*'ราคาต้นทุน (Asset)'!$B$11) -> 19000 | I34: 75 | J34: =IF(TRIM(I34)="-", "-", I34*'ราคาต้นทุน (Asset)'!$B$19) -> 375000 | K34: 6 | L34: =IF(TRIM(K34)="-", "-", K34*'ราคาต้นทุน (Asset)'!$B$24) -> 240000 | M34: 2 | N34: =IF(TRIM(M34)="-", "-", M34*'ราคาต้นทุน (Asset)'!$B$25) -> 1000 | O34: 118 | P34: =IF(TRIM(O34)="-", "-", O34*'ราคาต้นทุน (Asset)'!$B$26) -> 59000 | Q34: 4865 | R34: =IF(TRIM(Q34)="-", "-", Q34*'ราคาต้นทุน (Asset)'!$B$28) -> 486500 | S34: 157 | T34: =IF(TRIM(S34)="-", "-", S34*'ราคาต้นทุน (Asset)'!$B$30) -> 471000 | U34: =SUM(D34,F34,H34,J34,L34,N34,P34,R34,T34) -> 2623300
A35: 421 | B35: แขวงทางหลวงฉะเชิงเทรา | C35: 498 | D35: =IF(TRIM(C35)="-", "-", C35*'ราคาต้นทุน (Asset)'!$B$8) -> 249000 | E35: 1339 | F35: =IF(TRIM(E35)="-", "-", E35*'ราคาต้นทุน (Asset)'!$B$9) -> 267800 | G35: 57 | H35: =IF(TRIM(G35)="-", "-", G35*'ราคาต้นทุน (Asset)'!$B$11) -> 28500 | I35: 26 | J35: =IF(TRIM(I35)="-", "-", I35*'ราคาต้นทุน (Asset)'!$B$19) -> 130000 | K35: 30 | L35: =IF(TRIM(K35)="-", "-", K35*'ราคาต้นทุน (Asset)'!$B$24) -> 1200000 | M35: - | N35: =IF(TRIM(M35)="-", "-", M35*'ราคาต้นทุน (Asset)'!$B$25) -> - | O35: - | P35: =IF(TRIM(O35)="-", "-", O35*'ราคาต้นทุน (Asset)'!$B$26) -> - | Q35: 10146 | R35: =IF(TRIM(Q35)="-", "-", Q35*'ราคาต้นทุน (Asset)'!$B$28) -> 1014600 | S35: 366 | T35: =IF(TRIM(S35)="-", "-", S35*'ราคาต้นทุน (Asset)'!$B$30) -> 1098000 | U35: =SUM(D35,F35,H35,J35,L35,N35,P35,R35,T35) -> 3987900
A36: 422 | B36: แขวงทางหลวงชลบุรีที่ 1 | C36: 828 | D36: =IF(TRIM(C36)="-", "-", C36*'ราคาต้นทุน (Asset)'!$B$8) -> 414000 | E36: 3176 | F36: =IF(TRIM(E36)="-", "-", E36*'ราคาต้นทุน (Asset)'!$B$9) -> 635200 | G36: 36 | H36: =IF(TRIM(G36)="-", "-", G36*'ราคาต้นทุน (Asset)'!$B$11) -> 18000 | I36: 36 | J36: =IF(TRIM(I36)="-", "-", I36*'ราคาต้นทุน (Asset)'!$B$19) -> 180000 | K36: 34 | L36: =IF(TRIM(K36)="-", "-", K36*'ราคาต้นทุน (Asset)'!$B$24) -> 1360000 | M36: - | N36: =IF(TRIM(M36)="-", "-", M36*'ราคาต้นทุน (Asset)'!$B$25) -> - | O36: 241 | P36: =IF(TRIM(O36)="-", "-", O36*'ราคาต้นทุน (Asset)'!$B$26) -> 120500 | Q36: 12411 | R36: =IF(TRIM(Q36)="-", "-", Q36*'ราคาต้นทุน (Asset)'!$B$28) -> 1241100 | S36: 369 | T36: =IF(TRIM(S36)="-", "-", S36*'ราคาต้นทุน (Asset)'!$B$30) -> 1107000 | U36: =SUM(D36,F36,H36,J36,L36,N36,P36,R36,T36) -> 5075800
A37: 423 | B37: แขวงทางหลวงจันทบุรี | C37: 1035 | D37: =IF(TRIM(C37)="-", "-", C37*'ราคาต้นทุน (Asset)'!$B$8) -> 517500 | E37: 2811 | F37: =IF(TRIM(E37)="-", "-", E37*'ราคาต้นทุน (Asset)'!$B$9) -> 562200 | G37: 75 | H37: =IF(TRIM(G37)="-", "-", G37*'ราคาต้นทุน (Asset)'!$B$11) -> 37500 | I37: 15 | J37: =IF(TRIM(I37)="-", "-", I37*'ราคาต้นทุน (Asset)'!$B$19) -> 75000 | K37: 28 | L37: =IF(TRIM(K37)="-", "-", K37*'ราคาต้นทุน (Asset)'!$B$24) -> 1120000 | M37: - | N37: =IF(TRIM(M37)="-", "-", M37*'ราคาต้นทุน (Asset)'!$B$25) -> - | O37: - | P37: =IF(TRIM(O37)="-", "-", O37*'ราคาต้นทุน (Asset)'!$B$26) -> - | Q37: 11772 | R37: =IF(TRIM(Q37)="-", "-", Q37*'ราคาต้นทุน (Asset)'!$B$28) -> 1177200 | S37: 156 | T37: =IF(TRIM(S37)="-", "-", S37*'ราคาต้นทุน (Asset)'!$B$30) -> 468000 | U37: =SUM(D37,F37,H37,J37,L37,N37,P37,R37,T37) -> 3957400
A38: 425 | B38: แขวงทางหลวงตราด | C38: 1492 | D38: =IF(TRIM(C38)="-", "-", C38*'ราคาต้นทุน (Asset)'!$B$8) -> 746000 | E38: 215 | F38: =IF(TRIM(E38)="-", "-", E38*'ราคาต้นทุน (Asset)'!$B$9) -> 43000 | G38: 44 | H38: =IF(TRIM(G38)="-", "-", G38*'ราคาต้นทุน (Asset)'!$B$11) -> 22000 | I38: 9 | J38: =IF(TRIM(I38)="-", "-", I38*'ราคาต้นทุน (Asset)'!$B$19) -> 45000 | K38: 12 | L38: =IF(TRIM(K38)="-", "-", K38*'ราคาต้นทุน (Asset)'!$B$24) -> 480000 | M38: - | N38: =IF(TRIM(M38)="-", "-", M38*'ราคาต้นทุน (Asset)'!$B$25) -> - | O38: 114 | P38: =IF(TRIM(O38)="-", "-", O38*'ราคาต้นทุน (Asset)'!$B$26) -> 57000 | Q38: 8345 | R38: =IF(TRIM(Q38)="-", "-", Q38*'ราคาต้นทุน (Asset)'!$B$28) -> 834500 | S38: 190 | T38: =IF(TRIM(S38)="-", "-", S38*'ราคาต้นทุน (Asset)'!$B$30) -> 570000 | U38: =SUM(D38,F38,H38,J38,L38,N38,P38,R38,T38) -> 2797500
